entropy_dst,entropy_src,entropy_size,pps,window_packets,unique_src_count,unique_dst_count,top_dst_frequency,top_src_frequency,packet_size_std_dev,Label
4.864624511,3.25211779,0.9031501892,105373.9024,250,14,27,0.064,0.092,221.7351593,BENIGN
4.972479492,6.267929869,2.288026039,137211.4921,250,78,27,0.072,0.024,501.3356387,BENIGN
6.371738687,6.043953433,2.035311055,48201.04439,250,62,58,0.048,0.032,408.0668728,BENIGN
4.535040637,4.877412558,2.068843899,147833.13,250,46,25,0.064,0.044,474.3818427,BENIGN
5.643149653,3.895700602,2.820634906,187121.9904,250,13,51,0.044,0.116,461.7450863,BENIGN
3.613603779,7.494047657,2.293937766,69610.95548,250,151,13,0.104,0.024,101.2672501,BENIGN
4.559377885,7.236845772,1.519940787,2219.884069,250,142,20,0.076,0.024,583.7923282,BENIGN
3.791327116,6.133781124,3.055751099,130519.3721,250,114,17,0.096,0.02,526.1568592,BENIGN
4.857405184,5.576324787,1.796057658,121619.0471,250,80,32,0.048,0.032,587.7331487,BENIGN
0,3.854455696,2.188066969,1277.461967,250,18,1,1,0.084,0,BENIGN
5.529976859,7.403103936,2.566064261,267469.2837,250,140,35,0.06,0.024,646.7968137,BENIGN
4.077430702,6.125631992,2.291074134,228164.7398,250,141,21,0.08,0.024,527.5929126,BENIGN
5.221689396,6.226513557,1.90379843,164.6075586,250,132,32,0.056,0.024,364.8278578,BENIGN
4.914536474,6.950459894,1.634483425,1277.944042,250,134,36,0.052,0.024,303.6616001,BENIGN
4.485026691,7.645348435,1.555055226,129223.1202,250,142,20,0.08,0.024,239.2572732,BENIGN
4.226751836,6.261057946,2.24582695,188081.0485,250,156,20,0.092,0.016,493.4587352,BENIGN
5.072991901,6.05296506,2.408498595,639.8138189,250,50,41,0.052,0.04,633.5367485,BENIGN
4.94046585,6.392091897,2.382427412,2280.386668,250,71,34,0.052,0.032,547.052331,BENIGN
3.911362451,6.59999414,3.066717709,225485.4877,250,128,17,0.084,0.028,494.1620241,BENIGN
5.59990678,7.765925212,2.020315633,296144.1133,250,149,58,0.052,0.016,616.1228029,BENIGN
4.486313747,7.077076266,2.800440471,996.7177946,250,145,22,0.064,0.02,462.6719266,BENIGN
6.015656647,6.893024631,2.66329071,956.6324191,250,146,56,0.04,0.024,518.8340846,BENIGN
5.914154622,6.58428857,2.747583265,227342.478,250,77,58,0.036,0.028,579.7893075,BENIGN
5.304330243,4.79044418,1.923810959,159423.7728,250,51,43,0.048,0.048,473.0373337,BENIGN
3.898753583,7.540027337,1.14275446,818.1781384,250,164,12,0.12,0.02,68.77071146,BENIGN
4.155832454,6.486398581,1.238637767,2147.079118,250,119,24,0.064,0.02,190.5486884,BENIGN
0.5160731181,5.331029484,1.612026125,2226.34165,250,20,1,1,0.096,14.25162674,BENIGN
0.03908539964,2.803591518,1.764479233,1469.552865,250,6,1,1,0.196,0,BENIGN
5.607784614,5.815198661,1.224563393,224441.1116,250,49,51,0.04,0.056,737.0957097,BENIGN
3.652469586,6.886718634,1.596041988,122137.0919,250,121,12,0.116,0.024,572.0447352,BENIGN
3.721076066,6.79743643,1.965610727,1941.557065,250,153,13,0.108,0.02,322.153684,BENIGN
4.209311489,6.05773341,1.745122323,5160.706633,250,84,19,0.076,0.044,430.8118635,BENIGN
4.950652043,7.284470126,2.118615627,68775.42579,250,145,20,0.076,0.02,534.7498545,BENIGN
4.22876074,6.276481067,1.356490418,925.8059894,250,135,25,0.076,0.024,685.7309752,BENIGN
5.652675446,6.981805925,2.473983706,8376.178052,250,143,59,0.036,0.016,541.756558,BENIGN
5.255405214,5.936510029,0.9304669417,157392.9284,250,150,32,0.056,0.02,0,BENIGN
5.654005583,5.436186751,2.635134352,265660.2465,250,52,52,0.04,0.04,473.2272967,BENIGN
4.467387455,5.917644667,2.147726303,201009.1856,250,104,15,0.084,0.028,377.4183902,BENIGN
5.446212665,6.331755703,2.04833779,54330.10555,250,106,44,0.04,0.024,249.8621694,BENIGN
4.987076359,6.430861908,0.7891259678,291877.394,250,143,37,0.052,0.02,658.3369182,BENIGN
3.585988335,6.968299136,2.008936296,80435.08921,250,141,13,0.12,0.02,516.8282656,BENIGN
3.767675769,7.387976663,2.743003933,98138.5299,250,162,15,0.108,0.02,510.4664772,BENIGN
4.359470576,6.191730995,1.093522954,252268.5484,250,79,25,0.06,0.04,138.927488,BENIGN
4.838697291,7.105789101,1.835938768,55360.1855,250,142,34,0.056,0.02,445.4170404,BENIGN
5.563841285,7.052339211,1.782522345,69452.74139,250,112,40,0.04,0.02,574.2195602,BENIGN
5.703689605,6.867048026,2.273760521,178.3982557,250,105,38,0.044,0.024,498.9875814,BENIGN
5.159847422,6.093005598,1.970763487,170768.9381,250,64,54,0.04,0.04,675.1193087,BENIGN
5.697243879,6.367225853,0.7713692566,80861.46411,250,88,40,0.048,0.032,482.1763661,BENIGN
0.3255959423,3.03190422,1.311647693,1966.14857,250,11,1,1,0.128,45.97983998,BENIGN
6.072523412,6.700223227,2.27743501,204927.265,250,132,57,0.04,0.02,531.6900002,BENIGN
3.897032003,6.641450944,1.648889617,263405.5027,250,131,19,0.076,0.024,532.5890861,BENIGN
4.486547724,3.109588667,2.379887363,30132.94986,250,13,28,0.056,0.124,313.2471386,BENIGN
5.840331928,7.361219203,0.8571397398,32343.04088,250,114,54,0.036,0.02,222.8875749,BENIGN
5.705312192,6.673877031,2.816268004,473.05148,250,148,55,0.036,0.016,540.8612415,BENIGN
4.883059764,6.707231353,0.9345438753,141639.839,250,117,29,0.052,0.024,539.1416306,BENIGN
5.139683053,7.831065028,2.368341412,55250.27736,250,139,31,0.056,0.016,578.2778495,BENIGN
5.045764904,6.346287596,1.516634873,81788.46577,250,115,52,0.052,0.02,313.7962094,BENIGN
5.886635724,6.130665801,2.121292753,139802.4043,250,113,51,0.04,0.02,574.3268907,BENIGN
5.238616421,4.642293808,0.8201383382,21081.80835,250,28,60,0.048,0.064,650.9080558,BENIGN
4.607012452,7.278976504,2.439980944,209.1943932,250,145,25,0.064,0.02,454.9676443,BENIGN
3.549999902,7.088203057,1.327535476,92500.69082,250,108,12,0.1,0.02,408.0814387,BENIGN
0.2266027794,3.53082049,1.312462591,639.3684282,250,19,1,1,0.084,0,BENIGN
4.56414123,3.878207369,2.366495317,30367.20586,250,14,32,0.06,0.104,573.3915079,BENIGN
6.149033551,7.320272373,1.565869338,125910.7801,250,134,51,0.048,0.02,584.6498165,BENIGN
5.567243179,7.293774983,1.066073658,1944.018479,250,139,44,0.044,0.02,691.7077346,BENIGN
5.396258699,6.317333269,1.543035652,1964.582911,250,104,55,0.052,0.028,501.8900783,BENIGN
4.236945385,6.252567526,0.6348161914,135454.2863,250,115,22,0.084,0.028,68.38979619,BENIGN
4.52437924,6.811798889,1.363741214,169.756084,250,121,26,0.064,0.024,365.139229,BENIGN
5.20731145,6.711023241,0.9063821926,472.6961672,250,157,32,0.056,0.02,457.6726072,BENIGN
3.682389935,4.466437374,2.448343751,21933.34462,250,25,17,0.08,0.068,472.2166777,BENIGN
5.08858908,3.89961503,2.582392275,35708.6186,250,19,30,0.068,0.084,606.5884147,BENIGN
5.279680395,4.317025171,1.084302061,246891.7431,250,20,35,0.052,0.076,486.1411733,BENIGN
4.164722603,6.94089287,0.9719221337,107.9314425,250,145,22,0.068,0.024,589.5048355,BENIGN
5.719428819,7.581093446,1.764031137,29937.82799,250,151,41,0.044,0.02,488.6192668,BENIGN
4.77885391,7.039983716,2.123887301,975.4707375,250,131,37,0.056,0.02,558.8726884,BENIGN
5.662716141,5.523871643,1.946039579,72162.50152,250,20,56,0.036,0.08,529.4021817,BENIGN
4.659646843,6.308106685,1.622494747,1733.094893,250,135,42,0.048,0.028,140.7378717,BENIGN
4.39313922,7.43955341,2.605252836,240707.3898,250,157,26,0.056,0.016,533.0593691,BENIGN
4.738633907,3.943667113,2.046614288,102743.7652,250,13,21,0.076,0.1,659.0678259,BENIGN
4.942294967,6.235576352,2.677942672,263198.335,250,123,30,0.068,0.024,578.6072355,BENIGN
4.655578827,6.51526012,2.351497725,221162.6576,250,124,21,0.076,0.02,528.9636055,BENIGN
5.730028993,3.573470866,1.579820647,110737.7618,250,25,58,0.036,0.076,425.8192372,BENIGN
4.516148464,7.367822786,1.027085657,2209.233156,250,164,17,0.088,0.024,608.8048108,BENIGN
5.114203178,4.63562648,2.615954219,1559.975641,250,22,41,0.052,0.068,521.8999907,BENIGN
5.59363387,5.087521176,2.126939759,127144.0178,250,57,47,0.04,0.032,496.1002515,BENIGN
4.225564357,7.041687943,1.102785769,1831.94065,250,157,22,0.08,0.024,227.1079264,BENIGN
5.81716731,6.02992113,2.128704038,182849.0234,250,147,48,0.044,0.016,604.3684938,BENIGN
3.585834966,7.139970328,1.607164658,100676.6699,250,147,17,0.084,0.024,489.4003498,BENIGN
0,4.484201652,1.824975369,625.5073765,250,16,1,1,0.096,97.44999069,BENIGN
6.121483262,6.399554243,1.559325306,917.0743793,250,136,60,0.032,0.02,589.6194051,BENIGN
5.446655807,4.251097829,0.6026294738,146491.3086,250,29,52,0.036,0.056,272.6589525,BENIGN
0,3.455036612,1.671116801,1723.770282,250,15,1,1,0.092,7.515763991,BENIGN
5.809764356,5.528612443,1.83490694,295662.7771,250,64,39,0.044,0.044,618.0020878,BENIGN
4.524510768,6.550025659,1.990413871,133568.5085,250,79,34,0.06,0.032,539.5246508,BENIGN
4.740170193,7.015121028,1.87188346,365.3414319,250,162,33,0.06,0.02,561.1255773,BENIGN
5.117846817,4.228561303,1.819954446,143.0779207,250,20,34,0.052,0.088,439.03905,BENIGN
4.928634942,6.50872387,1.526940184,185073.2739,250,110,36,0.052,0.024,212.3976806,BENIGN
5.104109841,7.320454614,0.7862665215,279221.7739,250,151,34,0.044,0.016,271.4000294,BENIGN
4.656429545,6.391716297,2.170839658,195996.7844,250,131,29,0.06,0.02,480.1784493,BENIGN
3.893892412,7.345931523,1.513129611,242719.0682,250,156,21,0.068,0.02,300.2719009,BENIGN
0.3222929028,3.06227003,1.44656727,390.6801034,250,11,1,1,0.116,18.28536022,BENIGN
5.282362413,6.744922071,2.147943955,1688.775176,250,123,43,0.048,0.024,659.4323148,BENIGN
0,2.97959991,1.12328101,2404.420318,250,9,1,1,0.164,0,BENIGN
4.02589934,7.009543981,1.431777936,58979.60922,250,134,19,0.1,0.024,166.5545954,BENIGN
3.942569202,4.700020328,2.863588186,61067.86814,250,38,16,0.092,0.048,554.3980096,BENIGN
4.064277594,6.375680525,2.646564016,212636.3391,250,151,18,0.092,0.02,550.9207318,BENIGN
3.982790013,5.405550546,2.223141373,2215.553228,250,84,14,0.096,0.036,492.8220723,BENIGN
5.604666737,6.971360996,2.379787244,250632.0746,250,150,60,0.036,0.02,475.0230444,BENIGN
3.625409326,6.135364413,2.619244167,286754.7458,250,146,19,0.084,0.016,292.4851257,BENIGN
0,3.299331165,1.573918861,1475.113252,250,11,1,1,0.124,38.85076677,BENIGN
4.727142105,6.757272667,2.059631413,272827.3895,250,111,44,0.052,0.024,533.7719413,BENIGN
5.485259657,7.946534218,2.193716583,109886.9092,250,153,50,0.048,0.02,471.3154131,BENIGN
5.180849233,5.997538173,2.177790795,108665.3138,250,86,39,0.052,0.032,547.17753,BENIGN
0,3.62895656,0.5276635404,486.975094,250,14,1,1,0.096,35.87627778,BENIGN
4.508554261,5.681220982,0.9541358335,1372.901727,250,38,32,0.068,0.048,163.6315561,BENIGN
5.308615114,6.52338016,2.552210078,2108.277846,250,118,40,0.048,0.02,539.9484081,BENIGN
3.847183446,7.018782386,0.9167832817,2184.992282,250,148,22,0.076,0.024,479.4387675,BENIGN
6.053409016,5.617106782,1.166692293,262829.9331,250,119,55,0.048,0.024,236.5477353,BENIGN
6.000380418,7.149711348,1.797663053,28626.18497,250,160,58,0.044,0.016,467.5509024,BENIGN
5.491370167,7.3087372,2.496248935,61680.01022,250,159,41,0.052,0.02,620.4368556,BENIGN
5.196749665,7.628612852,1.889736621,1340.547629,250,146,48,0.048,0.02,362.3411664,BENIGN
0.01267428964,2.774021627,1.621867461,1791.731034,250,6,1,1,0.204,118.3439126,BENIGN
0,3.453896233,0.8448711091,562.0703028,250,19,1,1,0.08,167.1466395,BENIGN
6.428936069,6.408263425,2.521826396,231394.1632,250,93,57,0.04,0.028,588.4901057,BENIGN
3.75617743,5.626886326,2.096849361,78506.66972,250,50,14,0.092,0.04,517.5689347,BENIGN
5.060437433,7.693708943,2.018173859,22752.41002,250,155,43,0.04,0.02,523.3507991,BENIGN
5.902943484,7.319986571,1.779043553,230.0634203,250,89,57,0.044,0.028,637.615203,BENIGN
5.616137334,7.100310272,1.94330954,63181.58105,250,126,47,0.052,0.024,556.4897234,BENIGN
4.95081083,4.631828927,2.271410872,315.5699919,250,41,38,0.044,0.048,622.5284159,BENIGN
5.806714431,6.788856116,2.042212248,1338.364899,250,98,56,0.04,0.032,559.6070493,BENIGN
6.113002372,5.759395992,2.0996932,531.8580196,250,49,52,0.04,0.044,391.8586658,BENIGN
0.5687583557,2.592219484,1.986845997,1315.669468,250,9,1,1,0.132,9.759509881,BENIGN
5.071558953,7.36895271,2.040039675,60391.24692,250,162,42,0.052,0.016,558.9619377,BENIGN
4.313432899,7.659432521,1.074019822,575.9606202,250,127,21,0.08,0.024,249.7623068,BENIGN
5.565512104,7.526789309,2.096192321,123438.3668,250,156,47,0.036,0.016,623.0594663,BENIGN
5.961856585,5.519652911,2.130088944,220691.9355,250,90,58,0.036,0.028,566.8860833,BENIGN
4.458416948,7.095635156,1.831893304,153797.2155,250,122,19,0.08,0.024,542.0130384,BENIGN
5.588042599,6.864959899,1.342062584,48234.56092,250,119,47,0.04,0.024,656.1067459,BENIGN
3.89016721,6.614344015,2.062824558,67181.2567,250,115,18,0.068,0.02,90.13120541,BENIGN
5.021344087,5.34324853,0.6990451233,129787.927,250,113,27,0.056,0.024,449.6149578,BENIGN
4.651562804,4.955386335,2.258136964,39906.39563,250,30,25,0.068,0.06,633.2566861,BENIGN
3.507382131,7.466263192,2.622575404,282633.0061,250,163,17,0.112,0.016,543.5329454,BENIGN
3.754413444,6.851436885,1.372734407,166949.9913,250,140,18,0.076,0.02,487.8550605,BENIGN
5.628397556,6.144708987,1.130671764,202656.3647,250,141,56,0.044,0.02,204.9975014,BENIGN
5.343587459,3.758597027,1.798099531,202755.0312,250,14,51,0.048,0.1,610.1279048,BENIGN
4.701967146,6.369361125,2.525267528,100749.7039,250,51,27,0.064,0.048,519.0435743,BENIGN
5.319272665,6.502560095,2.419128474,277636.6695,250,69,37,0.044,0.04,496.5592633,BENIGN
5.787176263,6.335846648,1.265140647,64311.61113,250,128,49,0.04,0.028,334.4781732,BENIGN
5.581965657,6.366046075,2.504389205,250995.3979,250,145,59,0.036,0.016,421.0048835,BENIGN
4.800118325,6.794169338,1.911626378,1929.57241,250,152,44,0.052,0.024,123.7776649,BENIGN
5.547253691,6.278181775,1.33002744,271875.8124,250,74,62,0.036,0.036,543.6103448,BENIGN
3.8469838,7.098963713,2.778149773,108657.7805,250,139,13,0.108,0.024,491.7791957,BENIGN
4.813866165,7.182656897,2.251686025,402.0674215,250,110,32,0.052,0.032,535.1520078,BENIGN
0,3.338887623,1.380297143,1599.967719,250,14,1,1,0.116,71.26988376,BENIGN
5.402451342,6.200830544,0.8971447819,53004.76598,250,120,42,0.048,0.02,210.63403,BENIGN
4.545802562,6.993101609,2.110491488,170783.2275,250,127,24,0.072,0.02,613.6907603,BENIGN
4.656232784,5.768277509,2.221910045,448.7331104,250,88,22,0.06,0.028,502.1744089,BENIGN
5.354057828,6.830778281,2.712609055,92487.41636,250,152,54,0.052,0.024,491.0924544,BENIGN
4.58576627,7.308888671,1.302984393,225184.6817,250,157,20,0.076,0.02,125.9439017,BENIGN
0,2.037107941,0.9537663825,89.58565999,250,4,1,1,0.308,37.00392711,BENIGN
4.891685859,4.955641656,2.137609361,1293.150201,250,34,43,0.044,0.052,580.1336803,BENIGN
5.566602452,5.156975222,2.226377206,297190.0674,250,35,49,0.04,0.056,553.8277177,BENIGN
4.81103702,5.741699586,2.445114362,262859.5784,250,38,36,0.044,0.052,551.4549718,BENIGN
0,4.115231038,0.7864244652,1907.549769,250,18,1,1,0.088,124.6168695,BENIGN
5.883492814,6.886909226,2.437510553,2472.837011,250,139,60,0.036,0.02,455.7817267,BENIGN
5.622706526,7.162055442,2.750964109,2380.759542,250,150,50,0.052,0.016,469.2693242,BENIGN
0.3053558731,3.786890468,1.70027556,1973.431477,250,15,1,1,0.088,0,BENIGN
5.784640355,3.938155988,2.204165628,44514.85813,250,19,47,0.044,0.072,414.6167079,BENIGN
0,2.073394786,1.563663324,932.4211455,250,7,1,1,0.208,103.4204532,BENIGN
5.746526253,6.835218374,1.558223287,220606.4562,250,155,42,0.044,0.02,423.3813867,BENIGN
4.694157766,5.756895353,1.345330777,246.7827629,250,49,31,0.056,0.04,710.7415044,BENIGN
0,3.827926582,0.4882416576,1059.717061,250,18,1,1,0.104,99.19205342,BENIGN
3.574177273,7.083870952,2.578351788,1422.116754,250,158,13,0.1,0.016,592.5053826,BENIGN
5.127802909,6.542883869,2.576860919,117719.4065,250,151,31,0.052,0.02,596.4530459,BENIGN
5.572262968,6.41259287,0.9157472296,293195.9298,250,103,39,0.048,0.028,240.777788,BENIGN
5.330216727,7.612799227,2.774447367,1182.251863,250,161,45,0.048,0.02,498.800659,BENIGN
5.696821509,7.309077087,1.628366595,737.9355029,250,147,44,0.04,0.016,611.9531241,BENIGN
5.488242653,6.676646067,1.864501742,2092.811765,250,110,62,0.036,0.024,142.744686,BENIGN
0.174655341,5.097777448,1.30557366,964.5019342,250,24,1,1,0.076,17.19350889,BENIGN
5.555218264,6.653647581,2.975750766,100669.8768,250,79,46,0.044,0.036,511.312588,BENIGN
5.22932622,7.398112235,1.128436875,9364.341564,250,148,51,0.04,0.02,413.6234857,BENIGN
5.398905864,6.904127402,2.353280457,221233.5171,250,133,56,0.028,0.02,434.3265004,BENIGN
4.858356669,6.5591059,1.12428613,106767.7442,250,101,27,0.06,0.028,0,BENIGN
5.17485414,6.470561676,1.855374663,99710.08284,250,96,45,0.048,0.024,272.3993303,BENIGN
3.834859649,7.510219728,2.349894003,277963.183,250,151,13,0.108,0.02,591.6733619,BENIGN
3.825518669,6.240022152,1.65767636,177337.9632,250,78,18,0.076,0.036,428.7982281,BENIGN
4.67413795,5.007016563,1.618385265,297037.167,250,46,30,0.064,0.044,588.0311783,BENIGN
5.900361137,5.216251553,2.284699184,39584.46763,250,29,62,0.044,0.056,608.0410452,BENIGN
3.985828715,5.656704749,0.8636289689,272823.2193,250,58,18,0.084,0.036,575.0905456,BENIGN
5.661256906,5.789940561,2.886048698,217602.4466,250,120,46,0.04,0.028,340.7503288,BENIGN
4.959892438,4.453751852,2.193800819,1479.323337,250,38,35,0.052,0.048,471.0550863,BENIGN
4.907462275,6.988810289,1.026696536,85179.91627,250,151,27,0.056,0.024,448.6776908,BENIGN
5.482112851,7.568414265,2.079459889,233753.9649,250,151,29,0.064,0.02,585.1281396,BENIGN
4.76154633,5.956300239,2.45457408,11138.38442,250,62,26,0.072,0.036,626.592963,BENIGN
5.729406774,6.974082156,1.625815372,31420.0023,250,119,60,0.036,0.02,121.8215867,BENIGN
4.29020296,7.107888344,2.7311047,275898.5079,250,131,20,0.1,0.02,577.166447,BENIGN
0.2992516054,2.804896729,2.099690798,1795.478547,250,9,1,1,0.148,54.05970784,BENIGN
4.199538004,6.888719782,1.138242812,182919.718,250,105,20,0.076,0.024,760.7620873,BENIGN
4.573896918,5.751744671,2.04788864,194261.5391,250,75,24,0.064,0.024,566.679184,BENIGN
5.418888398,7.052912411,1.033281954,299633.4614,250,147,38,0.056,0.024,177.5548654,BENIGN
0.2587277221,5.752038258,2.828712545,268080.1823,250,61,1,1,0.028,480.9970205,UDP_FLOOD
0.1167055193,2.34858739,0,149330.9873,250,6,1,1,0.18,118.6238414,UDP_FLOOD
0,2.646268634,0.2989299239,4442.095063,250,6,1,1,0.196,155.558066,UDP_FLOOD
0.2543726568,0,0,3435.176542,250,1,1,1,1,0,UDP_FLOOD
0,0.6657609635,0.3732249708,295408.7183,250,2,1,1,0.548,112.3387214,UDP_FLOOD
0,5.180675749,2.483232947,219180.6356,250,48,1,1,0.044,358.553557,UDP_FLOOD
1.211396197,0,0.8157541621,316429.0527,250,1,3,0.776,1,71.72326357,UDP_FLOOD
0.4149325084,4.861683414,2.524399114,323224.8229,250,29,1,1,0.064,483.2286393,UDP_FLOOD
0,2.439029702,0.2309353282,177871.6245,250,7,1,1,0.192,124.8261735,UDP_FLOOD
0.1327906125,2.448105674,0.03885014351,113638.8829,250,4,1,1,0.264,108.5403931,UDP_FLOOD
0.2743522475,3.301935453,0.5575878641,351389.5303,250,8,1,1,0.152,190.5724245,UDP_FLOOD
0,1.282684084,0.4176519739,178353.3,250,4,1,1,0.256,183.4145824,UDP_FLOOD
0.2043779326,2.937050569,0.3411959138,74277.87316,250,7,1,1,0.172,82.43920064,UDP_FLOOD
0.0673161059,0.3437880081,0.7443374576,229208.2957,250,1,1,1,1,157.7564232,UDP_FLOOD
0.7747197603,1.500744269,0.458432383,77019.24086,250,2,3,0.82,0.504,114.201,UDP_FLOOD
0,5.088841066,2.480975704,91160.98797,250,40,1,1,0.044,391.9943303,UDP_FLOOD
0,5.127615105,2.632970604,10335.35692,250,55,1,1,0.044,446.8649441,UDP_FLOOD
0.228353956,2.014489105,0.3728541806,13574.38962,250,8,1,1,0.176,92.57447744,UDP_FLOOD
0,1.117936908,0.07396204597,45807.90234,250,2,1,1,0.504,142.1664923,UDP_FLOOD
0,3.221808928,0.08482234661,17586.72648,250,6,1,1,0.192,61.60832673,UDP_FLOOD
0.4960896529,2.769799418,0.311702861,9065.264702,250,6,1,1,0.184,94.82699276,UDP_FLOOD
0,2.699567018,0.3038620308,282635.7028,250,7,1,1,0.168,229.2827096,UDP_FLOOD
0.3920361978,0,0.6259962267,335359.4484,250,1,2,0.884,1,85.89515806,UDP_FLOOD
0,0,0.83466472,253525.4916,250,1,1,1,1,207.7726963,UDP_FLOOD
0,0.7032168395,0.9262719948,219854.8745,250,1,1,1,1,94.16709674,UDP_FLOOD
0.3214403939,0.3138177571,0.8045029512,23343.33658,250,1,1,1,1,201.4306969,UDP_FLOOD
0,1.499491843,0.3023140571,145659.927,250,3,1,1,0.348,48.80758537,UDP_FLOOD
0.02152229979,4.82148145,2.246439617,23022.4866,250,29,1,1,0.056,489.1261368,UDP_FLOOD
0,0.253886837,0.4904195289,302821.9397,250,1,1,1,1,45.18669869,UDP_FLOOD
0,0.3584989886,0.7805563811,81206.83237,250,2,1,1,0.572,66.27738052,UDP_FLOOD
0.5002725101,6.059594359,2.481320866,201606.9261,250,53,1,1,0.044,399.3341849,UDP_FLOOD
0,1.080202094,0.01594161997,48187.20855,250,2,1,1,0.524,164.1933508,UDP_FLOOD
0,0.6044639374,0.5740163419,222031.2194,250,1,1,1,1,154.4279171,UDP_FLOOD
1.492666133,3.382056983,0.1885125936,76772.39536,250,11,3,0.796,0.108,129.2489518,UDP_FLOOD
0,2.259511544,0.6809499207,346202.5954,250,5,1,1,0.224,79.11885721,UDP_FLOOD
0.04912547722,0.0587360489,0.1173280686,199677.016,250,1,1,1,1,136.9710616,UDP_FLOOD
0.2960781397,3.085770031,0.2294602681,355063.4667,250,6,2,0.88,0.18,34.50670656,UDP_FLOOD
1.139646403,3.757133956,0,18363.73853,250,12,3,0.828,0.136,98.57418422,UDP_FLOOD
0.6288956543,0.7164744555,0.2772378431,59068.14648,250,2,2,0.908,0.548,94.94930299,UDP_FLOOD
0,3.847925387,0.1843226975,205752.1859,250,11,1,1,0.108,45.92834307,UDP_FLOOD
0,0,0.2152618234,132484.0338,250,1,1,1,1,108.1449933,UDP_FLOOD
0.03095631041,3.010934491,0.3862724479,144794.6702,250,8,1,1,0.14,80.16813012,UDP_FLOOD
0,0,0.3171942438,219162.7155,250,1,1,1,1,101.4046889,UDP_FLOOD
0,0.8777971719,0.3642762646,19058.05784,250,2,1,1,0.512,93.21556042,UDP_FLOOD
0,1.869600619,0.3825362612,113457.4682,250,3,1,1,0.34,112.2408513,UDP_FLOOD
0.143796576,0.4266032626,0.1205627447,89638.66021,250,1,1,1,1,166.1489816,UDP_FLOOD
0,5.904094392,2.271292074,131101.5377,250,42,2,0.888,0.048,313.1638668,UDP_FLOOD
0,0,0.7611146192,84274.34808,250,1,1,1,1,62.10673786,UDP_FLOOD
0,3.441566024,0.3235081085,167060.5366,250,10,1,1,0.128,133.4003528,UDP_FLOOD
1.18176827,0.586405607,0.1853085826,346082.204,250,2,3,0.8,0.508,33.1559408,UDP_FLOOD
0.1737599936,0,0.3282212775,163430.7158,250,1,1,1,1,151.8534428,UDP_FLOOD
0.141578603,2.99402736,0.4639244522,351102.6151,250,8,1,1,0.16,95.4076244,UDP_FLOOD
0,2.159581166,0.4841646056,119821.9248,250,7,1,1,0.18,81.99648274,UDP_FLOOD
0.7897719109,1.084751156,0.2718146514,18296.29702,250,3,2,0.908,0.36,113.8363037,UDP_FLOOD
0,2.328831594,0.3836186625,2359.162773,250,5,1,1,0.232,161.0577291,UDP_FLOOD
0,1.004325734,0.5884933488,15282.18612,250,2,1,1,0.56,146.4540218,UDP_FLOOD
0.02211770384,0.4374123797,0.8689795401,156567.2085,250,1,1,1,1,217.0917138,UDP_FLOOD
0,1.210840561,0,175130.538,250,3,1,1,0.352,100.0014045,UDP_FLOOD
1.119096212,0,0.2868774523,226657.1514,250,1,3,0.788,1,137.5997573,UDP_FLOOD
0.118604786,0.7653768824,0.5853049942,291790.3925,250,2,1,1,0.536,110.5296427,UDP_FLOOD
0,1.304838522,0.2440529413,246481.786,250,2,1,1,0.524,132.568312,UDP_FLOOD
0.2175179943,1.080639672,0.4449818597,240099.4349,250,3,1,1,0.376,114.3278433,UDP_FLOOD
0.1122523762,3.428182839,0.5298450393,355226.7324,250,11,1,1,0.132,96.09885912,UDP_FLOOD
0.2197855727,2.870149335,0.5695076525,176268.3776,250,6,1,1,0.192,59.81524848,UDP_FLOOD
0,0,0,100637.9721,250,1,2,0.896,1,126.9814266,UDP_FLOOD
0.2926500768,4.767524945,2.167883749,313108.7852,250,27,1,1,0.06,417.234552,UDP_FLOOD
0,4.902595277,2.271654313,259677.1789,250,27,1,1,0.06,460.5955846,UDP_FLOOD
0.2893261057,1.87996062,0.01294325075,187920.3143,250,6,2,0.884,0.212,111.1765186,UDP_FLOOD
0.6605390487,4.613710871,2.153746068,262157.885,250,49,2,0.88,0.044,415.2152112,UDP_FLOOD
0,0.3901651149,0.6114200939,319264.3451,250,1,1,1,1,148.8273759,UDP_FLOOD
0.4450644842,0,0.9330532243,100021.0543,250,1,1,1,1,197.6318873,UDP_FLOOD
0,1.24109281,0.4312379758,4659.648535,250,3,1,1,0.368,142.1570689,UDP_FLOOD
0,2.370161431,0.2349400788,334051.8368,250,4,1,1,0.28,21.20985318,UDP_FLOOD
0,2.731481062,0.4939613895,322604.8177,250,5,1,1,0.228,100.4815795,UDP_FLOOD
0.1918882177,0,0.3710479958,16338.2317,250,1,1,1,1,209.5081232,UDP_FLOOD
0.3096965013,3.173866257,0.5277846633,282319.8793,250,8,1,1,0.148,149.3641181,UDP_FLOOD
0.06003506852,0.1333466559,0,95211.85318,250,1,1,1,1,79.13664774,UDP_FLOOD
0,0.2473272281,0.8693488581,203550.8441,250,1,1,1,1,144.025543,UDP_FLOOD
0,3.192456915,0.1900260532,175311.9786,250,9,1,1,0.172,140.3178898,UDP_FLOOD
0,2.492813474,0.1665123923,71606.02959,250,5,1,1,0.276,105.3868411,UDP_FLOOD
0.2379922829,0.1748512589,0.2882916019,114930.7489,250,1,2,0.892,1,45.42491182,UDP_FLOOD
0.4892948038,5.142347586,1.916991319,272577.9577,250,32,3,0.844,0.052,343.3578397,UDP_FLOOD
0,3.236501672,0.6398175703,183230.0054,250,10,1,1,0.128,192.9190794,UDP_FLOOD
0.1284059602,2.45267216,0.1899110025,97776.26154,250,7,1,1,0.168,52.69862173,UDP_FLOOD
0.05532316977,1.196360701,0.3537759202,6434.739599,250,2,1,1,0.512,0,UDP_FLOOD
0,4.895875544,2.386452349,63823.17145,250,33,1,1,0.056,429.0697448,UDP_FLOOD
0.3925470978,2.080915474,0,139447.6312,250,5,1,1,0.256,53.40082594,UDP_FLOOD
0.6369127786,0,0.1237742723,268081.1829,250,1,1,1,1,99.03059999,UDP_FLOOD
0,1.858505828,0.090370146,335122.7666,250,3,1,1,0.36,186.0555987,UDP_FLOOD
0,0,0.335590209,246607.7499,250,1,1,1,1,130.4795117,UDP_FLOOD
0,2.439880776,0,179711.913,250,5,1,1,0.22,76.78886837,UDP_FLOOD
0.2045055322,0.01625358276,0.5213656485,267011.9981,250,1,1,1,1,93.57612769,UDP_FLOOD
0,3.073590334,0.6773215291,180832.8322,250,9,1,1,0.132,11.76690791,UDP_FLOOD
0.2319951396,2.730648297,0.3590858129,203690.4922,250,6,1,1,0.204,21.30158292,UDP_FLOOD
0.1358415081,0.5648602875,0.4494873428,305114.6819,250,2,1,1,0.524,155.3835676,UDP_FLOOD
0.06924211179,3.882004119,0.276408634,307994.9407,250,14,1,1,0.1,59.73178899,UDP_FLOOD
0,3.954558544,0.02166035,309640.8074,250,13,1,1,0.116,149.3175681,UDP_FLOOD
0.7771886453,1.045920422,0.5915087007,107914.6194,250,2,3,0.804,0.532,57.60125626,UDP_FLOOD
0,0,0.1957801717,10110.60569,250,1,1,1,1,145.7804648,UDP_FLOOD
0.2734908178,3.647262493,0.3812074673,133401.8266,250,11,1,1,0.132,48.52920904,UDP_FLOOD
0,2.478916363,0.007440843184,340137.6263,250,6,1,1,0.196,179.5914509,UDP_FLOOD
0.1545225445,5.13568,2.530017258,269188.7195,250,33,1,1,0.048,366.2871727,UDP_FLOOD
0,5.499749052,1.562850681,226452.9424,250,40,1,1,0.044,449.4110933,UDP_FLOOD
0.8906599865,1.62937376,0.691179029,133855.1417,250,4,3,0.8,0.3,99.95265061,UDP_FLOOD
0.5770983542,0,0.4948606301,28594.31292,250,1,1,1,1,104.0685854,UDP_FLOOD
0,0,0.9263689363,336744.6788,250,1,1,1,1,126.9978922,UDP_FLOOD
0,2.029327383,0.07053723045,160130.1086,250,4,1,1,0.28,127.6693228,UDP_FLOOD
1.022885605,0.1895756552,0.320074739,293889.9591,250,1,3,0.804,1,130.1319106,UDP_FLOOD
0,0.8019957162,0.2452692726,181633.2646,250,2,1,1,0.504,53.32589431,UDP_FLOOD
0.6907994863,0.598060027,0.1997225392,157942.6089,250,1,2,0.916,1,143.5810175,UDP_FLOOD
0,0.1786462781,0.3923204424,92450.13216,250,1,1,1,1,99.93663135,UDP_FLOOD
0,3.093140245,0.1903253443,212036.9302,250,8,1,1,0.152,125.2329771,UDP_FLOOD
0,1.982053684,0.5983945438,43911.06215,250,5,1,1,0.232,157.2539189,UDP_FLOOD
0,3.290788558,0.4487456388,282271.938,250,6,1,1,0.196,8.47424859,UDP_FLOOD
0.04990447665,0.153006188,0.5460057765,333874.2445,250,1,1,1,1,145.3486561,UDP_FLOOD
0.1082162127,0.5230450945,0.5119018213,213194.163,250,2,1,1,0.504,74.11600108,UDP_FLOOD
0.5000600856,0.202150158,0.5561174065,75466.56479,250,1,2,0.912,1,73.18189858,UDP_FLOOD
0.3323248862,2.052630445,0.7694827246,173789.2613,250,3,1,1,0.348,73.17884392,UDP_FLOOD
0,1.540564946,0.5068682635,207690.0699,250,3,1,1,0.356,54.60842691,UDP_FLOOD
0.1515718479,2.907822886,0,230343.2511,250,9,1,1,0.144,149.3320204,UDP_FLOOD
0.9261072016,0,0.7458206201,67301.83376,250,1,3,0.8,1,117.9553955,UDP_FLOOD
0,4.57596964,1.869644665,152432.4135,250,41,1,1,0.044,373.4700206,UDP_FLOOD
0.2279346111,3.615277263,0.2711466716,83023.83584,250,10,1,1,0.14,110.8977884,UDP_FLOOD
0.1360855911,1.529847595,0.1409257633,91265.84249,250,2,1,1,0.524,96.05005284,UDP_FLOOD
0.06951923072,3.257318171,0.7217497643,183936.2144,250,10,1,1,0.132,15.53378515,UDP_FLOOD
0.1759666024,1.808474419,0.7546409286,12574.78182,250,4,1,1,0.284,94.08326114,UDP_FLOOD
0.7787461891,3.214114429,0.3136090018,188008.8743,250,8,2,0.94,0.148,131.6002991,UDP_FLOOD
0,2.266821851,0.4797766832,129846.1896,250,5,1,1,0.224,14.1275862,UDP_FLOOD
0,1.159029269,0.1765939705,331476.5376,250,2,1,1,0.532,138.1494245,UDP_FLOOD
0,3.165235403,0.3349248359,344361.7484,250,8,1,1,0.152,81.58518114,UDP_FLOOD
1.15800936,1.944933122,0.2609296014,68303.37628,250,5,3,0.788,0.232,0,UDP_FLOOD
0.1537029168,0.8068947501,0.6868414545,62628.37205,250,2,1,1,0.524,133.2036318,UDP_FLOOD
0.7896060986,5.808101667,2.187944676,65193.86671,250,48,1,1,0.044,359.563079,UDP_FLOOD
0.1922610967,2.861696201,0.1953051337,68242.89463,250,7,1,1,0.164,87.75983966,UDP_FLOOD
0,0,0.8079987332,34258.80801,250,1,1,1,1,77.98913253,UDP_FLOOD
0,0.428077537,0.2442447234,102043.8181,250,1,1,1,1,130.3790914,UDP_FLOOD
0,1.664737377,0.6294768503,333225.1494,250,2,1,1,0.524,159.3876533,UDP_FLOOD
0.2285529755,0,0.3002909822,197914.4872,250,1,1,1,1,66.27108687,UDP_FLOOD
0.6300658878,0.6769476275,0.3253380903,216956.8939,250,2,1,1,0.5,70.64091211,UDP_FLOOD
0.7381324586,0.5557988207,0.5612312171,118536.5795,250,2,2,0.9,0.544,154.3578154,UDP_FLOOD
0.016079497,2.236880188,0,93088.1137,250,6,1,1,0.204,131.2041489,UDP_FLOOD
0.05166199538,2.132951763,0.2528996101,117484.3972,250,6,1,1,0.208,134.0432998,UDP_FLOOD
0.01248223405,2.940001013,0.1866838344,340745.2144,250,7,1,1,0.168,118.1314768,UDP_FLOOD
0.6332231199,0,0.3361551902,2987.984662,250,1,2,0.876,1,185.7629539,UDP_FLOOD
0,6.234643563,2.097057108,309015.9474,250,68,1,1,0.04,441.2500633,UDP_FLOOD
0.8671810934,1.915715109,0.3842379714,192124.8392,250,6,3,0.8,0.188,156.5362049,UDP_FLOOD
0,4.929290342,1.993516415,3735.288727,250,42,1,1,0.048,394.6170586,UDP_FLOOD
0.009194962068,0,0.5767688368,17935.25965,250,1,1,1,1,72.54708993,UDP_FLOOD
0,4.868979473,2.280614609,302001.0155,250,26,1,1,0.068,477.0918976,UDP_FLOOD
0.03150328726,2.522723897,1.038270004,222232.8296,250,5,1,1,0.236,155.1574521,UDP_FLOOD
0.5910296862,3.503058408,0.07144490566,221266.4658,250,11,2,0.9,0.128,126.1006102,UDP_FLOOD
0.1240104776,2.846672192,0.43064104,83204.72833,250,11,1,1,0.12,37.03494948,UDP_FLOOD
0,0.02901402788,0.5575962352,327953.773,250,1,1,1,1,194.0159364,UDP_FLOOD
1.030438375,3.848213608,2.350002583,161770.814,250,18,3,0.836,0.08,372.9428753,UDP_FLOOD
1.359952458,3.124681447,0.2488256571,237756.9321,250,12,3,0.796,0.12,97.4855645,UDP_FLOOD
0,2.491518338,0.03301153148,294856.0748,250,3,1,1,0.352,55.84621996,UDP_FLOOD
0.2024158659,3.716304161,0.7544842619,246130.0174,250,14,1,1,0.108,91.93739016,UDP_FLOOD
0,0.5280667143,0.565324065,292150.1449,250,1,1,1,1,39.75384157,UDP_FLOOD
0.9442867516,3.22211621,0,318257.3568,250,11,3,0.764,0.116,7.180773416,UDP_FLOOD
0.4875000879,0,0.2626464181,277761.8399,250,1,1,1,1,101.019129,UDP_FLOOD
0,3.230106966,0.3594763872,281422.4669,250,12,1,1,0.104,73.46564025,UDP_FLOOD
0,6.639445311,2.065555551,100705.1166,250,63,1,1,0.04,421.7359721,UDP_FLOOD
0,4.710309165,2.603775309,23913.73571,250,60,1,1,0.04,406.2551871,UDP_FLOOD
1.551345842,0,0.5316981757,64216.93599,250,1,3,0.792,1,132.9150187,UDP_FLOOD
1.208891739,3.620517933,0.2123337159,40403.29807,250,10,3,0.784,0.14,32.56468626,UDP_FLOOD
0,3.518146996,2.992357862,5119.099584,250,20,1,1,0.072,428.1492644,UDP_FLOOD
0.602531943,3.376465642,0.2193102374,309194.4562,250,9,3,0.788,0.152,21.50865663,UDP_FLOOD
0.03737115416,5.170556088,2.343117585,201232.1581,250,34,1,1,0.056,293.073478,UDP_FLOOD
0.3056187905,2.192994128,0,152330.9533,250,5,1,1,0.256,209.1235556,UDP_FLOOD
0,2.12977773,0.2379312513,360247.8494,250,7,1,1,0.16,0,UDP_FLOOD
0,2.396625487,0.9158212287,251671.6206,250,4,1,1,0.284,68.84188961,UDP_FLOOD
0,1.531253023,0.1497623163,11115.86547,250,3,1,1,0.356,24.80144041,UDP_FLOOD
0.1195881962,1.655702192,0.7812461874,212292.6322,250,4,1,1,0.264,118.7681042,UDP_FLOOD
0.483159718,0,0,63456.24714,250,1,1,1,1,79.117501,UDP_FLOOD
0.1327615571,0.08090469194,0.4497590293,35103.79553,250,1,1,1,1,46.74574791,UDP_FLOOD
0,1.591592358,0.3988489117,176294.9086,250,5,1,1,0.252,19.89348137,UDP_FLOOD
0.09632360902,4.10062374,2.380053874,326606.6613,250,21,1,1,0.068,420.4894115,UDP_FLOOD
0.9961451369,3.569646704,0,182385.6731,250,11,2,0.904,0.104,36.63251415,UDP_FLOOD
0.118342417,0.3136563244,0.7755688553,49712.53332,250,1,1,1,1,142.7578556,UDP_FLOOD
0.3856146312,1.039818564,0,162374.8558,250,2,1,1,0.504,74.06148774,UDP_FLOOD
0.07136200203,0.4387166414,0.1251339492,327059.2656,250,1,1,1,1,91.70266542,UDP_FLOOD
0,3.547044068,0.4855828089,16967.69308,250,13,1,1,0.132,87.13647685,UDP_FLOOD
0.170058085,0,0.6884533269,5753.414328,250,1,1,1,1,108.0129457,UDP_FLOOD
0.6898414102,3.900301956,0,34184.69935,250,10,1,1,0.124,145.5237277,UDP_FLOOD
0.1800587076,3.291513282,0.5987206446,41847.84824,250,10,1,1,0.136,170.4924007,UDP_FLOOD
0.1107250685,3.579432115,0.8287048357,152950.8712,250,12,1,1,0.116,52.8151765,UDP_FLOOD
0.2220978605,3.467315829,0,89386.22974,250,6,1,1,0.212,65.52205526,UDP_FLOOD
0.2478029054,4.019592458,0.7591413363,274073.3605,250,13,1,1,0.108,152.517925,UDP_FLOOD
0,0,0.7186719936,232529.6344,250,1,1,1,1,132.7879232,UDP_FLOOD
0,3.157044749,0.4904332139,123642.9145,250,14,1,1,0.096,94.22695141,UDP_FLOOD
0,1.178844765,0.8639394039,976.0962303,250,2,1,1,0.5,106.7090255,UDP_FLOOD
0.09207950393,1.788809109,0.2927865689,313855.4066,250,3,1,1,0.36,86.32973592,UDP_FLOOD
0.6611931359,2.704353645,0.1245496415,92249.27318,250,7,1,1,0.18,94.27843681,UDP_FLOOD
0,0.7218605548,0.2929000065,315978.3466,250,3,1,1,0.34,97.49191987,UDP_FLOOD
0,1.023257927,0.4267471536,56748.5486,250,2,1,1,0.532,59.58241582,UDP_FLOOD
0,0.7084871143,0.2579088614,16433.25489,250,2,1,1,0.5,80.0325429,UDP_FLOOD
0.426499428,0.5900793918,0,8347.943847,250,2,1,1,0.58,72.77586272,UDP_FLOOD
0.2497984835,0.1926622581,0.5430809837,97875.70442,250,1,1,1,1,110.4519091,UDP_FLOOD
0,3.786416149,1.201155883,145967.6983,250,10,1,1,0.136,110.2069661,UDP_FLOOD
0.7630110614,0.7324726511,0.3336815788,333332.0491,250,2,3,0.768,0.548,133.1792213,UDP_FLOOD
6.053991198,2.817833755,0.3735994439,93078.53952,250,4,60,0.036,0.276,133.1805259,UDP_FLOOD
6.051677899,2.917376052,0.1126274645,226560.2064,250,14,62,0.032,0.1,212.276669,UDP_FLOOD
6.007924726,5.312582069,2.187447692,179514.4553,250,44,61,0.044,0.044,364.6155678,UDP_FLOOD
5.237164142,3.491262649,0.6989750389,255972.4189,250,12,60,0.044,0.12,35.95084684,UDP_FLOOD
6.085458533,1.039549539,0.51486074,3712.275166,250,1,63,0.036,1,120.8108238,UDP_FLOOD
6.06503472,1.485693152,0.7298731725,54144.5373,250,3,59,0.052,0.356,38.82845451,UDP_FLOOD
5.882535797,1.975999408,0.2430012114,196889.8283,250,4,62,0.032,0.296,81.54224,UDP_FLOOD
6.427633254,2.709513409,0.4658653571,195967.1934,250,5,62,0.04,0.228,87.74780911,UDP_FLOOD
5.785549681,5.072121607,1.815302289,260335.5293,250,45,62,0.04,0.048,413.2439053,UDP_FLOOD
5.819299852,1.380812071,0.28665033,227979.6083,250,3,63,0.032,0.408,105.3578056,UDP_FLOOD
5.838236438,0.9533358977,0.2622263152,231554.2927,250,3,63,0.036,0.348,111.9935736,UDP_FLOOD
5.844702715,0.1176896509,0.6944995523,123692.0894,250,1,62,0.036,1,129.5787679,UDP_FLOOD
5.738568965,3.314659905,0.1600299095,5489.21015,250,12,61,0.036,0.108,179.116265,UDP_FLOOD
5.820374336,0.2336423419,0.499651326,204557.2364,250,2,62,0.04,0.528,195.9414151,UDP_FLOOD
5.978608316,2.274236399,0.10596379,104036.5731,250,6,63,0.04,0.2,52.20193149,UDP_FLOOD
6.27758439,5.210646107,2.129270049,9685.373509,250,67,61,0.036,0.04,391.1750616,UDP_FLOOD
5.907644291,2.559631685,0.2692887152,171768.5733,250,5,63,0.036,0.244,83.6552443,UDP_FLOOD
5.704040098,0.5726097134,0.3211146845,123549.5727,250,1,63,0.04,1,74.08464069,UDP_FLOOD
6.145979764,1.836788845,0.07997436457,74261.15464,250,4,62,0.048,0.312,183.0718228,UDP_FLOOD
5.616323996,1.677163665,0,175636.6314,250,2,62,0.032,0.532,71.90900133,UDP_FLOOD
5.542282749,0,0.09398675754,2008.050247,250,1,62,0.032,1,78.72357185,UDP_FLOOD
5.703683131,0.3622913013,0.6334759115,190315.4454,250,2,61,0.04,0.536,70.32013321,UDP_FLOOD
5.408983125,2.116462116,0.5665943861,8389.7038,250,6,62,0.044,0.204,94.43988168,UDP_FLOOD
5.698681245,1.98360071,0.555191136,176697.5671,250,4,61,0.032,0.28,92.91657748,UDP_FLOOD
5.495022649,6.157317119,2.59748522,171513.2417,250,44,63,0.04,0.048,297.3122304,UDP_FLOOD
5.657414097,1.016454587,0,18856.45429,250,3,58,0.04,0.388,70.12945617,UDP_FLOOD
5.738539387,2.136311405,0,116079.6042,250,3,61,0.036,0.356,105.2753322,UDP_FLOOD
5.721024886,0,0.1655076487,29286.38362,250,1,62,0.032,1,225.4926985,UDP_FLOOD
5.686118652,1.423981984,0.1829677521,323843.2937,250,3,61,0.044,0.392,164.5572842,UDP_FLOOD
5.665127526,3.040755791,0.8563334578,161886.6089,250,7,63,0.036,0.164,58.44927033,UDP_FLOOD
6.549496519,4.688206635,2.456730842,211037.4609,250,33,63,0.044,0.048,405.3216436,UDP_FLOOD
6.196370317,3.862792297,0.1733511821,40122.11961,250,13,61,0.04,0.104,54.53734001,UDP_FLOOD
6.068390086,0,0.6251665531,213148.7424,250,1,62,0.044,1,137.897527,UDP_FLOOD
6.172890305,0,0.1076342585,55759.44098,250,1,63,0.036,1,139.6737184,UDP_FLOOD
6.156294256,3.422695909,0.1699019857,284964.8781,250,9,63,0.036,0.148,174.6043711,UDP_FLOOD
5.957529689,2.937822862,0.5646472552,253516.0247,250,9,63,0.04,0.132,123.0220949,UDP_FLOOD
5.970499347,0.7460808082,0.1214719707,163365.6505,250,2,60,0.036,0.568,51.99475862,UDP_FLOOD
6.666792017,1.281978431,0.4501679034,45034.51654,250,3,63,0.036,0.356,183.3195877,UDP_FLOOD
5.466895462,3.110433389,0.05864811134,5030.333792,250,10,61,0.036,0.128,50.14866825,UDP_FLOOD
5.348687656,4.806080846,2.308043827,338706.9555,250,41,61,0.04,0.056,478.887074,UDP_FLOOD
5.767079583,0.1358924858,0.3419564637,17239.81859,250,1,63,0.04,1,177.990398,UDP_FLOOD
6.035992981,0.8185822654,0,207085.5375,250,1,61,0.032,1,125.9590951,UDP_FLOOD
5.834785093,2.941199479,0.3085691078,196961.7028,250,11,63,0.036,0.124,93.38597372,UDP_FLOOD
5.736983275,1.852806758,0.4776921976,25155.17951,250,2,63,0.032,0.512,130.3152701,UDP_FLOOD
6.102981565,0,0.6242501192,54317.43897,250,1,61,0.032,1,1.985546474,UDP_FLOOD
5.893602917,2.969281549,0.1676769858,97916.0422,250,9,62,0.028,0.152,92.36807169,UDP_FLOOD
5.422596619,0.7105955998,0.3646218119,3389.996047,250,2,62,0.036,0.524,101.2192599,UDP_FLOOD
5.689703238,0,0.8999508232,38599.05591,250,1,61,0.036,1,156.2143617,UDP_FLOOD
5.912110982,0,0.2725646678,98661.0262,250,1,62,0.032,1,137.0626619,UDP_FLOOD
5.761988161,0,0.4551735653,318662.4209,250,1,62,0.04,1,188.2072682,UDP_FLOOD
5.837111389,0.7049059093,0.4764519056,166019.5425,250,1,63,0.032,1,119.0578594,UDP_FLOOD
5.522162687,1.937972694,0.7734528158,92307.31149,250,3,60,0.04,0.344,75.77958262,UDP_FLOOD
5.43182499,3.412028378,0.4409695857,99181.06578,250,8,63,0.04,0.14,97.24016333,UDP_FLOOD
5.73486984,5.181277331,2.211531691,74232.94229,250,50,62,0.032,0.036,367.3053452,UDP_FLOOD
5.795519936,4.958499666,2.29252058,46730.16829,250,30,63,0.04,0.06,393.2086672,UDP_FLOOD
5.548570831,2.673580976,0.557798031,166715.5398,250,11,62,0.044,0.116,80.52690271,UDP_FLOOD
5.986247774,4.848862457,2.287361815,44028.0945,250,25,63,0.04,0.064,335.4179891,UDP_FLOOD
5.791416442,0,0.1846813774,214612.2462,250,1,61,0.032,1,75.96435743,UDP_FLOOD
6.15555061,2.851996394,0.2273417215,104790.4326,250,8,63,0.032,0.18,92.46798623,UDP_FLOOD
5.475804647,0,0.4916738278,5787.358638,250,1,60,0.036,1,162.8253711,UDP_FLOOD
5.769715425,2.84288608,0.4964559554,114102.2017,250,6,62,0.044,0.184,126.4966799,UDP_FLOOD
5.998469393,0,0.2411710214,73247.61145,250,1,61,0.032,1,68.33803833,UDP_FLOOD
5.851831763,0,0.9520440419,349309.2539,250,1,62,0.044,1,112.6627951,UDP_FLOOD
5.920154317,1.003121001,0.2372524629,228502.0345,250,2,62,0.044,0.504,88.46252314,UDP_FLOOD
5.915913534,0.8685572288,0.1054820077,322727.3162,250,1,63,0.04,1,95.52275338,UDP_FLOOD
5.963842748,0.008089023493,0.4988469661,132925.2436,250,1,62,0.032,1,24.81676323,UDP_FLOOD
5.984239986,0.7787969637,0.220112003,200307.48,250,2,62,0.04,0.56,234.0895572,UDP_FLOOD
5.57977951,0.9057557288,0.4300802939,2983.698457,250,2,61,0.044,0.512,196.7943834,UDP_FLOOD
5.889502911,0,0,30388.55586,250,1,62,0.036,1,159.807362,UDP_FLOOD
6.032402571,1.991053978,0.4189955754,268859.1863,250,4,62,0.036,0.28,110.2224976,UDP_FLOOD
5.40701058,1.720976193,0,129859.6913,250,3,61,0.044,0.348,83.33612314,UDP_FLOOD
5.554327695,2.229188489,0.4528507072,137113.8486,250,3,61,0.06,0.356,172.4247188,UDP_FLOOD
5.401060804,3.429399975,0.8173167698,95665.04677,250,11,61,0.032,0.14,121.822106,UDP_FLOOD
5.296480677,2.135706142,0.7786432364,172203.9108,250,9,62,0.032,0.144,172.8078309,UDP_FLOOD
6.300393423,0,0.5387553773,167408.5343,250,1,60,0.036,1,161.1608063,UDP_FLOOD
6.054165722,2.167561675,0.3223883043,73408.01853,250,6,63,0.036,0.2,110.2958835,UDP_FLOOD
5.861576814,0.3823766674,0.3988793353,93458.835,250,1,62,0.036,1,99.51649421,UDP_FLOOD
6.174911288,3.705159932,0.8011000351,226008.9791,250,12,62,0.04,0.104,102.2792308,UDP_FLOOD
5.788729164,4.818105311,2.416900066,56413.79959,250,27,62,0.04,0.064,433.4825528,UDP_FLOOD
5.782770527,1.809128522,1.143190964,157035.5985,250,3,63,0.036,0.352,177.0927562,UDP_FLOOD
6.037756839,1.648901026,0,322053.3858,250,2,62,0.032,0.536,71.70651298,UDP_FLOOD
5.869005921,0.2799287058,0.3196416105,124033.4917,250,1,61,0.052,1,221.0503552,UDP_FLOOD
5.82633241,2.619979775,0.5280189646,174885.2102,250,9,61,0.036,0.136,38.69639121,UDP_FLOOD
6.381733075,0.09743707094,0.1777538566,322358.2767,250,1,62,0.032,1,122.7942231,UDP_FLOOD
5.789093548,0,0.2052633116,89509.09087,250,1,62,0.032,1,90.81638987,UDP_FLOOD
5.874596957,0.5229184551,0.4067153777,161334.1504,250,1,62,0.036,1,115.8055366,UDP_FLOOD
6.244350215,0,0.5767275561,154248.6861,250,1,62,0.032,1,166.7403434,UDP_FLOOD
5.326930218,1.684149165,0.08695163956,244081.3814,250,5,62,0.04,0.212,76.95951092,UDP_FLOOD
5.99181684,2.336684753,0.3557696421,348008.5409,250,4,62,0.036,0.268,96.12537592,UDP_FLOOD
6.312988467,0.7449328476,0,183301.2922,250,1,62,0.04,1,152.4323677,UDP_FLOOD
5.946496013,3.059187449,0.3599504621,76874.2117,250,7,62,0.036,0.164,161.6398211,UDP_FLOOD
6.27594295,5.819533672,2.148114525,326778.8057,250,62,62,0.04,0.044,429.9074232,UDP_FLOOD
5.995711425,2.77039897,0.4189838665,344377.845,250,5,63,0.036,0.248,195.4356113,UDP_FLOOD
5.860425867,3.023594165,0.3665934691,154987.6657,250,7,62,0.036,0.176,117.8192212,UDP_FLOOD
5.880938107,6.33303963,2.328390382,72724.51341,250,62,63,0.032,0.032,436.7874753,UDP_FLOOD
5.632674654,5.922873751,2.342490423,30355.00819,250,55,62,0.04,0.04,452.4665773,UDP_FLOOD
6.110375428,2.243747077,0.4080042521,149203.6521,250,6,63,0.04,0.2,107.3707721,UDP_FLOOD
5.63708599,0.3380107637,0.3420966248,16431.42031,250,1,62,0.036,1,87.43011936,UDP_FLOOD
5.668285457,2.906957786,0.382389975,3162.80171,250,10,62,0.036,0.124,151.2247159,UDP_FLOOD
5.718937806,0,0.05802599374,164996.7841,250,1,62,0.036,1,52.4751756,UDP_FLOOD
5.184037544,1.26350373,0.1006454173,238072.0721,250,3,62,0.036,0.356,123.9805357,UDP_FLOOD
5.961210068,1.419535132,0,25416.65088,250,4,62,0.04,0.272,104.5705637,UDP_FLOOD
5.960275222,0,0.6977063892,290354.4155,250,1,63,0.028,1,65.99173024,UDP_FLOOD
5.623968297,2.665496414,0.3637937848,44995.8446,250,6,62,0.04,0.204,130.1631252,UDP_FLOOD
5.812019772,3.657986881,0.7793992679,252640.0475,250,8,63,0.032,0.152,227.0884308,UDP_FLOOD
5.955156935,4.603438589,2.511588483,19573.95198,250,46,61,0.044,0.04,497.7022202,UDP_FLOOD
5.927739386,2.689061217,0.8005090433,74411.67641,250,6,62,0.044,0.204,273.1290808,UDP_FLOOD
5.078233163,0.4825233432,0.6407611829,247239.392,250,1,63,0.04,1,84.7460716,UDP_FLOOD
5.619172863,0.6818948504,0.7373585223,239393.2432,250,2,63,0.04,0.5,88.27807947,UDP_FLOOD
5.871000556,0,0.1145430191,15129.30145,250,1,63,0.036,1,15.95861629,UDP_FLOOD
6.144587797,3.319532949,0.162575471,339855.8659,250,10,62,0.044,0.14,29.3739936,UDP_FLOOD
5.451851239,3.28892447,0,19310.38837,250,8,63,0.048,0.164,157.7768164,UDP_FLOOD
5.849291317,5.256973425,2.384459321,219660.1528,250,67,63,0.036,0.032,436.5770769,UDP_FLOOD
5.512002507,3.629409971,2.187283012,334688.3199,250,21,62,0.04,0.068,420.1805627,UDP_FLOOD
5.554423159,2.980009849,0.5510531886,13474.8817,250,11,62,0.04,0.116,141.2019205,UDP_FLOOD
5.798793314,2.090979039,0,325060.64,250,5,63,0.036,0.236,95.54128891,UDP_FLOOD
5.667694525,3.825790831,0,82549.92631,250,10,62,0.036,0.12,73.80157094,UDP_FLOOD
5.973524621,0.5244885854,0.1411129125,169140.6369,250,2,63,0.036,0.528,156.9339552,UDP_FLOOD
5.262589875,3.905141565,0.2994840243,331091.9856,250,11,62,0.04,0.132,94.08800882,UDP_FLOOD
5.488766255,0.1320199085,0.1480407977,25372.39127,250,1,62,0.032,1,52.24362367,UDP_FLOOD
6.182287629,1.117832933,0.6971957102,346993.7316,250,2,61,0.04,0.54,94.87240373,UDP_FLOOD
5.641825217,3.39878809,0.4459188781,279604.3352,250,9,62,0.04,0.14,110.9544609,UDP_FLOOD
5.833165632,1.545325099,0,254378.5713,250,3,62,0.032,0.36,124.6837209,UDP_FLOOD
5.66826315,0,0.05329877491,3858.968552,250,1,61,0.044,1,94.05541899,UDP_FLOOD
5.777110852,2.356627621,0.2197100277,18156.13211,250,4,61,0.032,0.276,101.6766958,UDP_FLOOD
5.571934739,0.1678001579,0.7145250817,9652.400406,250,1,62,0.04,1,75.13433084,UDP_FLOOD
5.348974066,1.759226063,0.6962465813,264506.3739,250,3,62,0.036,0.384,78.29076091,UDP_FLOOD
5.630048124,0.9476838407,0.605208324,217151.4362,250,2,62,0.044,0.544,216.3520806,UDP_FLOOD
5.351336977,2.044271217,0.4862078939,88749.98804,250,3,62,0.032,0.364,140.552951,UDP_FLOOD
5.430617545,2.091617974,0.6117497514,259388.0754,250,3,63,0.036,0.384,130.4148939,UDP_FLOOD
5.62168777,0,0.2192428624,46267.7077,250,1,61,0.04,1,116.5150307,UDP_FLOOD
5.474517065,0.4565224509,0.1395890623,340587.2398,250,1,63,0.044,1,14.53374632,UDP_FLOOD
5.673279268,2.03331397,0.4605108829,170986.0329,250,3,61,0.04,0.348,58.06097407,UDP_FLOOD
5.383916664,1.782037776,0.1594552419,245207.3543,250,4,61,0.032,0.308,97.79204655,UDP_FLOOD
6.094076237,0.1861780937,0.3791723206,205091.8235,250,1,63,0.04,1,65.46908917,UDP_FLOOD
5.758534882,1.791191649,0.5514629134,265046.0385,250,4,62,0.04,0.28,53.73593581,UDP_FLOOD
5.906187662,2.709846992,0.3831948954,312264.4,250,6,62,0.032,0.176,211.8402464,UDP_FLOOD
6.061659209,0.05359280004,0,135332.3609,250,2,63,0.036,0.544,125.2144605,UDP_FLOOD
6.182632201,5.036969709,2.520841982,278015.7188,250,25,63,0.032,0.076,434.4690061,UDP_FLOOD
5.566862832,2.754768463,0.6263387624,288696.2259,250,7,62,0.04,0.164,98.28162491,UDP_FLOOD
5.991898888,1.070095254,0.3611582095,235542.5083,250,3,62,0.028,0.344,106.3830554,UDP_FLOOD
5.651925824,2.383176937,0.3723600598,317205.3806,250,10,62,0.036,0.14,150.7019255,UDP_FLOOD
6.133828372,3.439096807,0,84543.08119,250,9,63,0.04,0.14,127.8921641,UDP_FLOOD
6.17940076,2.311251729,0,198504.6686,250,6,61,0.032,0.192,118.8166834,UDP_FLOOD
6.046077603,0.4134558028,0.7966896803,357316.8219,250,1,62,0.044,1,59.87996417,UDP_FLOOD
5.717208483,2.357774683,0.9906319816,6842.325141,250,3,62,0.032,0.356,114.5633523,UDP_FLOOD
5.302820088,2.387482844,0.1177331066,16755.90082,250,6,62,0.032,0.208,145.5625812,UDP_FLOOD
5.717438066,1.740474821,0.4150452915,242796.0463,250,3,62,0.036,0.368,152.6538516,UDP_FLOOD
5.844309881,3.472275721,0.1155986713,230119.1038,250,12,63,0.032,0.128,144.688706,UDP_FLOOD
5.433609238,1.933572681,0.5843515905,309520.804,250,2,62,0.036,0.512,113.980935,UDP_FLOOD
6.264686566,3.238411663,0.3625603171,127470.4817,250,14,63,0.044,0.096,123.5631579,UDP_FLOOD
5.619280552,0,0.0006446104086,316625.5545,250,1,61,0.04,1,54.39592748,UDP_FLOOD
6.057003817,0,0.4107004494,190545.9696,250,1,61,0.044,1,136.3276013,UDP_FLOOD
5.421035123,0,0.2414059389,287366.6987,250,1,60,0.044,1,117.8193128,UDP_FLOOD
6.087573807,1.665683952,0.4204449624,217519.3211,250,4,61,0.044,0.296,37.66632513,UDP_FLOOD
5.796108986,3.420030328,0,328639.8438,250,10,61,0.036,0.132,49.50233289,UDP_FLOOD
5.648012809,1.03860631,0.3407934263,95227.74536,250,2,63,0.052,0.536,94.35487451,UDP_FLOOD
5.972397894,0.2611900859,0.5724850165,13323.46795,250,1,60,0.04,1,95.05181013,UDP_FLOOD
5.890736936,0.7598763026,0.0772509467,340984.3398,250,1,62,0.036,1,121.8667499,UDP_FLOOD
6.35213078,0,0.7707236706,297364.3249,250,1,62,0.036,1,139.8129327,UDP_FLOOD
5.802323459,1.744210554,0.4308279731,255883.2128,250,5,63,0.036,0.22,84.01608741,UDP_FLOOD
5.79296068,2.910118639,0.2751272078,132966.4717,250,6,63,0.04,0.192,151.9130337,UDP_FLOOD
5.86668448,1.943577137,0.1445840866,359639.2263,250,6,62,0.032,0.196,156.3044679,UDP_FLOOD
5.809783829,3.055687798,0.1522389581,359489.6904,250,14,60,0.04,0.1,125.6569012,UDP_FLOOD
5.707476927,0.3516341052,0.9552298866,184586.4213,250,1,63,0.032,1,126.5943139,UDP_FLOOD
5.879103082,4.797299803,2.809841014,353849.9149,250,42,63,0.036,0.052,447.2550696,UDP_FLOOD
5.369409926,1.362745745,0.5248979418,188175.4829,250,2,62,0.032,0.548,123.8689348,UDP_FLOOD
5.448874934,2.610129997,0.5900859026,165520.8251,250,9,62,0.04,0.136,170.4269614,UDP_FLOOD
5.901953056,1.291506977,0.2001519847,69188.19402,250,3,63,0.036,0.36,57.65765677,UDP_FLOOD
5.723161857,4.579911183,1.954641955,25943.07696,250,22,61,0.036,0.08,463.8682932,UDP_FLOOD
5.757671085,4.627015628,2.123905653,165296.157,250,33,60,0.044,0.06,485.9843653,UDP_FLOOD
5.388422083,1.167183785,0.8788084974,55226.22706,250,2,62,0.028,0.504,170.959279,UDP_FLOOD
6.136870981,1.428622615,0,350592.4957,250,4,62,0.032,0.28,61.87768922,UDP_FLOOD
5.907563033,0.0650873109,0.7162882255,1009.326699,250,1,63,0.036,1,147.3617631,UDP_FLOOD
5.80004652,3.3976688,0.1986044863,137625.754,250,8,62,0.032,0.168,99.1819494,UDP_FLOOD
5.904482134,0,0.2125577261,199506.8407,250,1,59,0.04,1,34.92775183,UDP_FLOOD
6.004711382,1.626071862,0.6782358373,132408.3345,250,2,62,0.064,0.528,190.6025264,UDP_FLOOD
6.198114423,2.983622059,0.4375560293,68684.5762,250,4,62,0.04,0.264,209.4047624,UDP_FLOOD
5.533359605,2.807348547,0.3449530179,5284.042457,250,7,63,0.032,0.184,52.50508164,UDP_FLOOD
5.391931707,1.520743973,0.4888710183,195029.8336,250,3,63,0.036,0.412,164.2066981,UDP_FLOOD
5.759739808,3.506946803,0.2672447544,199493.7415,250,9,63,0.036,0.14,91.74136648,UDP_FLOOD
6.031390077,3.289073864,0.1741873179,35535.0253,250,11,62,0.048,0.132,129.0651918,UDP_FLOOD
5.296606637,0,0.05293566142,10055.45065,250,1,62,0.044,1,64.46918546,UDP_FLOOD
6.023575005,2.613259458,0.7415029071,288008.0756,250,6,63,0.032,0.22,121.2539955,UDP_FLOOD
5.265970173,3.37705935,0.6072085671,236098.46,250,11,63,0.036,0.132,130.1868111,UDP_FLOOD
5.329866546,2.511958025,0.4808858296,9682.683955,250,8,61,0.04,0.18,116.229361,UDP_FLOOD
5.67323638,1.120558476,0.2937544212,317436.534,250,2,61,0.032,0.564,154.5357269,UDP_FLOOD
6.081879298,1.202776232,0.2685849002,94950.77721,250,2,63,0.036,0.512,53.31243223,UDP_FLOOD
6.032851874,3.009828335,0.02376530596,97918.75098,250,8,63,0.04,0.172,131.043102,UDP_FLOOD
5.738057696,0.6101557871,0.4221579226,156607.7474,250,2,62,0.036,0.512,146.0430368,UDP_FLOOD
5.532012926,0.9090806029,0.0808338874,226511.6328,250,2,61,0.044,0.536,201.4506405,UDP_FLOOD
5.813467694,0,0.5185738056,173577.2175,250,1,63,0.036,1,169.5464193,UDP_FLOOD
6.087413266,3.04306239,0.3623680232,235860.2493,250,6,60,0.036,0.196,190.150247,UDP_FLOOD
5.28692675,1.047283119,0.6281389067,356873.5119,250,2,63,0.04,0.512,139.1313835,UDP_FLOOD
5.891103883,2.423309746,0.4122201758,8166.945165,250,9,63,0.04,0.164,65.76688508,UDP_FLOOD
5.609261186,0.1294197805,0.3192194808,94558.04136,250,1,60,0.036,1,161.7084349,UDP_FLOOD
5.331148666,3.103197633,0.3474804067,25167.53222,250,13,63,0.04,0.108,129.1010438,UDP_FLOOD
5.857008692,0.02173767706,0.04565698001,14651.10813,250,1,63,0.044,1,124.6944993,UDP_FLOOD
6.087539895,2.851353144,0.244122105,179684.1447,250,8,63,0.028,0.16,127.1256277,UDP_FLOOD
5.980163717,0.6429196228,0.1744676555,35214.76772,250,1,61,0.036,1,77.32739131,UDP_FLOOD
0.009762731219,6.896510911,0.4551783063,9994.564799,250,139,1,1,0.024,0,SYN_FLOOD
0.1115043965,6.480284961,1.51468981,3240.846994,250,103,1,1,0.024,44.65001686,SYN_FLOOD
0,5.550476395,0.4562278458,117544.5545,250,73,1,1,0.036,0.9834207889,SYN_FLOOD
0.1439715119,7.125344558,1.303612916,248297.1212,250,139,1,1,0.016,74.09275684,SYN_FLOOD
0,6.009962644,0.08468966009,181055.2517,250,80,1,1,0.032,0,SYN_FLOOD
0.1867798785,6.782128965,0.1249929844,49513.74158,250,140,1,1,0.02,4.091011192,SYN_FLOOD
0.09625053044,5.811075528,1.459787313,350725.3429,250,100,1,1,0.024,12.06996661,SYN_FLOOD
0,7.689626042,0.1562366465,84502.61108,250,171,1,1,0.02,0,SYN_FLOOD
0,5.883879142,0.3313799845,200353.8961,250,161,1,1,0.024,2.519562701,SYN_FLOOD
0.03363705545,5.835038728,1.762809441,87566.25017,250,91,1,1,0.028,0,SYN_FLOOD
0,5.12607801,0.1428001972,321824.7779,250,73,1,1,0.028,0,SYN_FLOOD
0,6.477627745,0.7929097757,172158.7982,250,137,1,1,0.02,0,SYN_FLOOD
0,7.498351243,0,110829.969,250,160,1,1,0.012,57.53113257,SYN_FLOOD
0.3290170867,7.695847348,0.2339763487,95573.24283,250,158,1,1,0.02,0,SYN_FLOOD
0.4031054206,6.455568202,0.3867371431,48977.6626,250,160,1,1,0.02,0,SYN_FLOOD
0.3701688206,6.072065786,0.03162877358,129110.0582,250,79,1,1,0.032,0,SYN_FLOOD
0.6946612435,6.124194146,2.158125696,142349.6183,250,73,3,0.784,0.032,0,SYN_FLOOD
0.3815400098,6.53035961,2.107046057,284947.012,250,84,1,1,0.032,0,SYN_FLOOD
0.5783665051,6.448449104,0.05911707321,32602.73946,250,146,2,0.892,0.024,85.86291336,SYN_FLOOD
0.1078991274,5.808190686,0,9036.029776,250,79,1,1,0.032,86.98926166,SYN_FLOOD
0.02074037204,6.372070446,0.3877454143,324889.4029,250,125,1,1,0.024,0,SYN_FLOOD
0,7.016537672,0,18007.28785,250,164,1,1,0.02,0,SYN_FLOOD
0,6.15956657,0.121716104,29790.36372,250,135,1,1,0.02,0,SYN_FLOOD
0.2615334124,6.418080124,1.470439489,177772.0094,250,115,1,1,0.02,0,SYN_FLOOD
0.5930113743,5.953539048,1.997650523,5624.310691,250,88,2,0.9,0.032,31.50736885,SYN_FLOOD
0.579982558,7.196698981,0,142761.9336,250,162,1,1,0.02,0,SYN_FLOOD
0.1515328816,6.134589145,0.2944616369,173926.3485,250,85,1,1,0.028,0,SYN_FLOOD
0.3687629393,6.193093018,0,130867.1038,250,159,1,1,0.02,0,SYN_FLOOD
0,6.639395834,0.2335398859,2657.588858,250,105,1,1,0.024,0,SYN_FLOOD
0,7.772177658,0.3718897783,234105.031,250,151,1,1,0.024,0,SYN_FLOOD
0,6.380875832,0.08718389296,221359.3777,250,134,1,1,0.02,44.96275605,SYN_FLOOD
0.08865386156,6.626696073,2.392797011,11800.01184,250,84,1,1,0.032,0,SYN_FLOOD
0.4743863864,7.267987135,0.5224977467,244208.8076,250,156,1,1,0.024,0,SYN_FLOOD
0.1308392379,6.564682752,1.465743477,42002.42642,250,147,1,1,0.02,47.99509548,SYN_FLOOD
0.4582968365,7.811000824,1.527930476,71570.58461,250,156,3,0.844,0.02,0,SYN_FLOOD
0.04965045517,7.349161937,0.09045172814,17192.14826,250,154,1,1,0.016,27.54674694,SYN_FLOOD
0,7.155913975,0,171144.6647,250,125,1,1,0.032,11.10918945,SYN_FLOOD
0,6.524761805,0,147075.2333,250,131,1,1,0.02,35.32711044,SYN_FLOOD
0.2290652946,7.540087976,0.1682333272,204210.6746,250,126,1,1,0.02,0,SYN_FLOOD
0.2530065462,7.827529544,0.4800509562,356892.5411,250,161,1,1,0.016,0,SYN_FLOOD
0,7.508893651,0,87279.0478,250,169,1,1,0.016,3.523953139,SYN_FLOOD
0.6000018003,6.136941828,0.4892230149,115114.0382,250,108,3,0.844,0.028,8.131157192,SYN_FLOOD
0.080673991,6.483548992,0,14605.46091,250,136,1,1,0.02,0,SYN_FLOOD
0,7.383902204,0,348495.4303,250,175,1,1,0.02,2.238559381,SYN_FLOOD
0,5.965014279,0.4348405184,66682.10417,250,103,1,1,0.028,0,SYN_FLOOD
0,6.404048929,0.2211913031,178353.989,250,88,1,1,0.028,39.82513333,SYN_FLOOD
0,6.199101754,0.4082081992,7826.95912,250,121,1,1,0.024,0,SYN_FLOOD
0,7.200921954,0.0282021922,246308.6017,250,152,2,0.92,0.016,0,SYN_FLOOD
0.3875882373,7.100038533,2.189050473,183932.1116,250,163,1,1,0.016,0,SYN_FLOOD
0,5.851315284,0.1907103056,70888.91287,250,87,1,1,0.028,50.0299161,SYN_FLOOD
0.1578646344,6.863472537,0.1429356516,135284.034,250,111,1,1,0.028,5.329375985,SYN_FLOOD
0.2227562902,6.131437683,0.5264547567,271296.5985,250,131,1,1,0.024,0,SYN_FLOOD
0.5230453878,6.79385955,1.453784956,94567.53282,250,132,3,0.812,0.024,0,SYN_FLOOD
0.135816456,6.507106776,0.3666036339,169562.7458,250,137,1,1,0.024,0,SYN_FLOOD
0.191429973,7.251519359,1.395191582,117991.1658,250,158,2,0.896,0.016,4.900716114,SYN_FLOOD
0.2557089687,6.702713313,0.07789016566,26497.91946,250,76,1,1,0.032,47.38310299,SYN_FLOOD
0.7758297367,6.603021184,2.371999409,20225.62873,250,69,2,0.856,0.036,0,SYN_FLOOD
0,6.782101981,1.926323421,301316.6963,250,105,1,1,0.024,7.018278547,SYN_FLOOD
0.1570416215,6.477843444,0.3275221674,113829.3564,250,106,1,1,0.024,0,SYN_FLOOD
0,7.018208914,0,157461.0383,250,108,1,1,0.028,0,SYN_FLOOD
0.02296759937,6.372740862,0.1175665643,315156.556,250,112,1,1,0.024,0,SYN_FLOOD
0,6.225201858,0.1789845047,268130.8468,250,112,1,1,0.024,37.03473427,SYN_FLOOD
0.2524305281,5.588617283,0.2521483069,27309.9316,250,110,1,1,0.024,38.16034438,SYN_FLOOD
0,7.156793131,0.1366948335,231060.7525,250,128,1,1,0.02,40.48235149,SYN_FLOOD
0.05869672052,7.656261433,0.2100873036,285233.6265,250,171,1,1,0.02,0,SYN_FLOOD
0.360980378,6.605263327,0.5667382506,1621.253206,250,128,1,1,0.024,0,SYN_FLOOD
0.5842942776,7.832861106,0.02437720805,34972.51103,250,159,2,0.888,0.016,0,SYN_FLOOD
0.1903082114,6.625035809,1.847845035,334577.8163,250,122,1,1,0.028,6.29993758,SYN_FLOOD
0.3762980183,6.84977715,0.2975456907,276602.7327,250,131,2,0.88,0.02,0,SYN_FLOOD
0,7.125134525,0.2183704436,110640.3964,250,124,1,1,0.024,64.74160175,SYN_FLOOD
0.09413436187,7.086865583,0.4529593184,5679.575909,250,155,1,1,0.02,0,SYN_FLOOD
0,7.853974543,0.168280753,314162.2729,250,156,1,1,0.02,0,SYN_FLOOD
0.4444840747,6.957763447,0.1201483615,2883.137845,250,83,2,0.876,0.024,13.53575919,SYN_FLOOD
0,6.68313377,1.551596306,298971.1317,250,86,1,1,0.028,4.643014854,SYN_FLOOD
0,6.460994745,0.03896944439,1232.828701,250,99,1,1,0.028,0,SYN_FLOOD
0.8540889916,6.343963229,0.06207458329,28474.28129,250,72,3,0.78,0.032,0,SYN_FLOOD
0,7.305411243,0.6968378884,343717.1595,250,145,1,1,0.016,4.783172387,SYN_FLOOD
0.3240737521,7.049145127,0.4664562904,16916.38917,250,116,1,1,0.024,0,SYN_FLOOD
0.6832659505,6.715482057,0.2426634433,348360.5636,250,159,1,1,0.016,41.26184463,SYN_FLOOD
0.2186061887,6.131150966,0.3915415524,18278.42314,250,95,1,1,0.032,0,SYN_FLOOD
0.2867189349,6.926465127,1.952519494,139741.4543,250,144,3,0.86,0.02,0,SYN_FLOOD
0.4471985704,7.183639151,0.4707275608,275784.3553,250,131,3,0.804,0.028,11.8430508,SYN_FLOOD
1.180345925,5.384202574,2.355673118,330073.4275,250,36,3,0.82,0.048,12.5369639,SYN_FLOOD
0,5.765406984,1.494341538,189422.1456,250,86,1,1,0.028,21.36377993,SYN_FLOOD
0.2925260298,7.011063743,1.48278938,335792.8121,250,128,1,1,0.02,38.64014991,SYN_FLOOD
0,6.097697359,1.664093842,301720.3064,250,90,1,1,0.036,0,SYN_FLOOD
0,5.846719611,0.5163574411,256645.8835,250,85,1,1,0.028,15.56603599,SYN_FLOOD
0.07227659183,5.885281756,0.3151809141,241913.6687,250,120,1,1,0.024,22.24291443,SYN_FLOOD
0.1709407934,7.160296412,0.3202652718,10057.299,250,140,2,0.896,0.016,0,SYN_FLOOD
0.04402094016,7.019886577,0.2099964118,215399.5029,250,160,1,1,0.02,19.19778021,SYN_FLOOD
0.1207685185,5.977457296,0.5152642966,33753.66155,250,114,1,1,0.032,0,SYN_FLOOD
1.387918721,7.405363887,0.2777769637,298317.5733,250,177,3,0.78,0.02,0,SYN_FLOOD
0.007933600243,7.485412042,1.547029456,276186.2525,250,133,1,1,0.02,0,SYN_FLOOD
0,6.367393226,1.44792493,119975.6122,250,122,1,1,0.028,0,SYN_FLOOD
0.2020816546,6.572859241,0.691935398,312620.6624,250,119,1,1,0.028,0,SYN_FLOOD
0.4577428459,6.170966416,1.410902243,352744.4269,250,80,1,1,0.024,28.3516251,SYN_FLOOD
0,6.782745186,0.981736532,289040.6158,250,136,1,1,0.02,0,SYN_FLOOD
0,6.699983147,0.2460381643,11285.23967,250,109,1,1,0.024,3.96458072,SYN_FLOOD
0.3144007344,7.354466081,1.99605096,98044.87918,250,95,1,1,0.028,28.4008548,SYN_FLOOD
0,6.184001762,0,9602.00792,250,165,1,1,0.016,0,SYN_FLOOD
0,7.393726407,0.4114903159,4873.492095,250,152,1,1,0.016,46.80778793,SYN_FLOOD
0.352884856,7.220200417,0.2781534149,286705.9452,250,144,1,1,0.024,0,SYN_FLOOD
0,5.333846128,2.339942353,277506.5436,250,35,1,1,0.048,0,SYN_FLOOD
0,6.977819752,0.2454651975,166593.6501,250,152,1,1,0.024,0,SYN_FLOOD
0,5.994184547,2.437399814,135849.0602,250,58,1,1,0.032,0,SYN_FLOOD
0.1491610004,7.116594473,0.4672192957,323932.4582,250,106,1,1,0.036,0,SYN_FLOOD
0.07600626911,6.676802506,0.0469347093,235545.9615,250,95,1,1,0.028,0,SYN_FLOOD
0,7.029237224,0.253648095,6543.917393,250,116,1,1,0.024,0,SYN_FLOOD
0.03875524783,6.258118022,0.001592446044,17796.72116,250,137,1,1,0.02,8.80449886,SYN_FLOOD
0.5925579213,7.701237644,0.403266252,174394.151,250,153,2,0.88,0.024,0,SYN_FLOOD
0.4234363399,6.493990446,0.1484717564,69028.48174,250,117,2,0.888,0.024,0,SYN_FLOOD
0,7.235653131,0.08215359296,92400.32813,250,112,1,1,0.028,25.01656591,SYN_FLOOD
0,6.733478416,0.1661764782,18459.52753,250,167,1,1,0.012,0,SYN_FLOOD
1.030003749,7.473692222,0.4387634819,167191.8239,250,132,3,0.824,0.024,0,SYN_FLOOD
0,7.220830494,1.440770013,5052.298828,250,109,1,1,0.028,112.4514442,SYN_FLOOD
0,7.325341409,0.3925575686,260233.4545,250,166,1,1,0.016,43.84013283,SYN_FLOOD
0.3399027089,6.3952496,1.20035658,39792.00102,250,164,1,1,0.016,67.5235334,SYN_FLOOD
0,6.753353434,0,156237.9368,250,148,1,1,0.02,68.06218004,SYN_FLOOD
0.2352387023,6.908326565,1.794518675,189011.2665,250,93,1,1,0.028,0,SYN_FLOOD
0.6175034988,6.952861933,1.484787966,236081.3805,250,102,2,0.868,0.028,0,SYN_FLOOD
0.4004004332,7.197891684,0.4804486385,318408.2924,250,156,1,1,0.02,0,SYN_FLOOD
0.2939802126,5.854124769,2.039840917,199596.9537,250,65,1,1,0.044,69.64604017,SYN_FLOOD
0,6.810384865,1.436164721,327812.9758,250,102,1,1,0.024,0,SYN_FLOOD
0.6131893254,6.896765105,0.5229995659,204423.8856,250,139,3,0.824,0.02,0,SYN_FLOOD
0.509255186,6.977270777,1.168799182,39302.14691,250,165,1,1,0.024,11.44670382,SYN_FLOOD
0.006833676899,7.048940259,1.836695901,243323.3601,250,102,1,1,0.032,9.584296825,SYN_FLOOD
0,6.417403848,1.524696864,36859.91359,250,84,1,1,0.032,44.62565876,SYN_FLOOD
0,5.021578451,2.563154682,14989.04817,250,49,1,1,0.04,0,SYN_FLOOD
0,7.557174739,0,334494.2582,250,152,1,1,0.016,0,SYN_FLOOD
0,6.289961338,0,1740.109934,250,77,1,1,0.032,0,SYN_FLOOD
0.1077517263,7.25326487,1.274225376,360852.9771,250,158,1,1,0.016,14.97675233,SYN_FLOOD
0.0580871699,6.69648097,1.454622427,311677.6078,250,115,1,1,0.024,0,SYN_FLOOD
0,7.194122653,0.5571345475,5578.050356,250,110,1,1,0.028,58.73246408,SYN_FLOOD
0.6232135224,7.206207972,2.036133342,16400.81458,250,161,2,0.88,0.02,0,SYN_FLOOD
0,7.158386483,0,172047.6581,250,137,1,1,0.028,0,SYN_FLOOD
0.1592055943,6.416069896,0.3979798817,186949.1015,250,80,1,1,0.028,0,SYN_FLOOD
0,6.836963508,0.04082905769,342038.2241,250,134,1,1,0.016,11.15398605,SYN_FLOOD
0.08869911767,7.527305733,0.3354527285,267689.7113,250,175,1,1,0.02,66.98957845,SYN_FLOOD
0,7.292021655,0,330154.4002,250,173,1,1,0.016,0,SYN_FLOOD
0.6002869577,6.052992373,0,136720.9993,250,71,1,1,0.036,0,SYN_FLOOD
0.9707858756,6.901356067,0.5074167552,242959.9021,250,163,2,0.868,0.02,0,SYN_FLOOD
0.236638685,7.360724738,0.2162395881,13698.64731,250,145,1,1,0.02,54.04831926,SYN_FLOOD
0.001673307494,7.252239857,1.306671076,105746.7165,250,110,1,1,0.028,0,SYN_FLOOD
0,7.294549801,0.7551061426,98765.21236,250,165,1,1,0.02,0,SYN_FLOOD
0,7.214525783,1.481015044,178215.9629,250,130,1,1,0.02,0,SYN_FLOOD
0.4653398957,7.139089663,1.575175906,12383.68503,250,158,2,0.904,0.016,0,SYN_FLOOD
0.04344235695,6.640838989,0.4932889093,80332.66597,250,108,1,1,0.028,37.44258053,SYN_FLOOD
1.014825934,6.660862908,1.512836814,125560.7143,250,96,2,0.9,0.028,0,SYN_FLOOD
0,6.745510873,0.4854696987,95955.67944,250,150,1,1,0.016,11.37249785,SYN_FLOOD
0.2044508605,7.40119326,0.3183643138,226663.8497,250,125,1,1,0.024,0,SYN_FLOOD
0.1548116559,5.859712074,0.02200716007,352208.2953,250,125,1,1,0.024,0,SYN_FLOOD
0.3184831339,7.212882679,0.3242146159,2273.54431,250,167,1,1,0.016,0,SYN_FLOOD
0.3395843585,5.816025412,2.338520427,239450.4723,250,80,1,1,0.032,0,SYN_FLOOD
0,5.920393488,2.363712282,300526.1587,250,50,1,1,0.04,54.62343372,SYN_FLOOD
0.8194249568,7.112236987,0.4675799873,86858.57212,250,128,2,0.888,0.024,0,SYN_FLOOD
0,6.604364414,1.550967719,33449.01268,250,127,1,1,0.02,0,SYN_FLOOD
0,6.448973219,0.04106388232,35759.98223,250,149,1,1,0.016,0,SYN_FLOOD
0,6.669841885,0.2495292419,295791.2165,250,100,1,1,0.024,10.2665781,SYN_FLOOD
0,7.611259554,0.2263424554,293180.5164,250,167,1,1,0.016,0,SYN_FLOOD
0.07273164813,6.821867251,0.5704002071,233312.3399,250,127,1,1,0.024,0.9282474943,SYN_FLOOD
0.3479889305,7.017443721,0.8389675004,1789.698048,250,134,1,1,0.024,0,SYN_FLOOD
1.166968795,7.296032289,0.07500077476,82792.24359,250,156,3,0.792,0.02,0,SYN_FLOOD
0,7.418977479,1.7590096,8106.782853,250,111,1,1,0.024,0,SYN_FLOOD
0.5508923054,7.374353689,1.526352237,314909.582,250,171,2,0.912,0.02,0,SYN_FLOOD
0.1311132978,5.787777341,0.1102780223,361027.5062,250,94,2,0.916,0.032,9.658441181,SYN_FLOOD
0,7.356419825,0.1237425042,143389.3468,250,126,1,1,0.024,0,SYN_FLOOD
0.114114225,5.971413515,0,148746.8334,250,90,1,1,0.024,20.61566247,SYN_FLOOD
0.515294835,6.554145243,0.1756817414,325530.5031,250,107,1,1,0.028,9.235765104,SYN_FLOOD
0.3343776652,6.144576935,2.693244645,62270.67759,250,67,1,1,0.044,16.44806366,SYN_FLOOD
0,5.92965142,2.536810561,208050.5246,250,57,1,1,0.032,52.41059363,SYN_FLOOD
0.4659596952,6.010399715,0.2953911528,316180.0598,250,85,3,0.82,0.032,14.52256902,SYN_FLOOD
0,6.454657139,1.71527152,93014.94904,250,145,1,1,0.02,14.10174226,SYN_FLOOD
0.3798011186,6.774858712,0.3276297055,213066.5404,250,121,1,1,0.024,0,SYN_FLOOD
0.01148202411,6.922540713,0.3422559824,14881.4575,250,95,1,1,0.024,87.66001392,SYN_FLOOD
0,7.055685057,0.4551932989,277988.0701,250,169,1,1,0.016,11.19359699,SYN_FLOOD
0,6.797093715,1.288003156,37232.11525,250,123,1,1,0.028,15.43217326,SYN_FLOOD
0.2061716491,6.803329889,1.902345565,155214.2157,250,139,1,1,0.02,74.68705859,SYN_FLOOD
0.6562648891,8.014512927,0.149168602,2149.085729,250,162,2,0.904,0.02,0,SYN_FLOOD
0.0004206906868,7.200353317,0.1923078665,69670.50964,250,108,1,1,0.024,0,SYN_FLOOD
0,7.200102155,0,293425.4956,250,152,1,1,0.02,16.9006248,SYN_FLOOD
0.6955381604,7.498356246,0.3523104424,128080.7963,250,151,2,0.896,0.02,47.43433291,SYN_FLOOD
0,7.327876595,0,103844.3007,250,91,1,1,0.032,28.06076456,SYN_FLOOD
0.2530679128,7.069749921,0.2237735003,99053.92239,250,159,1,1,0.02,64.46420566,SYN_FLOOD
0,7.596283208,0.08437887439,66635.71298,250,170,1,1,0.016,24.721289,SYN_FLOOD
0.2748278452,5.562957219,2.21806136,155605.0988,250,58,1,1,0.044,0,SYN_FLOOD
0.4131607974,6.651704817,1.473218049,81596.20768,250,139,2,0.896,0.02,0,SYN_FLOOD
0,6.214978313,0,71105.45561,250,125,1,1,0.024,0,SYN_FLOOD
0.3591794195,6.608084379,0.2413021046,266289.94,250,100,1,1,0.028,0,SYN_FLOOD
0.07095623259,6.428922997,0,347486.7269,250,115,1,1,0.024,64.24897519,SYN_FLOOD
0.2278957357,6.809883641,0,193652.917,250,95,1,1,0.028,15.3359018,SYN_FLOOD
0,7.159068678,0,270467.7817,250,132,1,1,0.028,0,SYN_FLOOD
0.07058784858,5.458560608,1.910502949,351430.5455,250,137,1,1,0.02,23.23873053,SYN_FLOOD
0.08223233379,6.655149291,0,34191.49446,250,117,1,1,0.028,0,SYN_FLOOD
0,6.919694507,0.6012469359,258764.6833,250,115,1,1,0.024,0,SYN_FLOOD
0.004231211017,6.92247081,0.07497778629,3359.320886,250,121,1,1,0.024,20.46571034,SYN_FLOOD
1.410125857,6.038360134,1.974544544,126736.3955,250,84,3,0.796,0.028,0,SYN_FLOOD
0.1876074492,7.631473519,0.4628037277,248547.1221,250,171,1,1,0.02,30.31292203,SYN_FLOOD
0,6.942517914,0,339385.0976,250,123,1,1,0.02,0,SYN_FLOOD
0,6.461950214,0.6254677632,271144.1985,250,115,1,1,0.02,91.33615837,SYN_FLOOD
0,6.499344005,0.4788084417,249795.1944,250,164,1,1,0.02,0,SYN_FLOOD
0,3.775129863,1.926437873,5.599425724,250,18,1,1,0.088,0,SLOWLORIS
0,3.91437815,1.713997739,19.58496015,250,12,1,1,0.104,0,SLOWLORIS
0.7265935265,4.133091751,2.627115485,12.36858804,250,20,3,0.796,0.072,100.6101858,SLOWLORIS
0,3.953112818,2.413360673,13.93938809,250,13,1,1,0.108,31.62870082,SLOWLORIS
0.4144902452,3.677371775,2.690088602,15.62899923,250,20,1,1,0.08,72.48818339,SLOWLORIS
0.4722373208,4.192562433,2.211502577,11.31339396,250,21,2,0.884,0.068,124.0459903,SLOWLORIS
0,4.588730305,2.640972957,7.254287492,250,22,1,1,0.076,0,SLOWLORIS
0.1477052869,3.532912283,2.702827705,11.56248379,250,9,1,1,0.148,0,SLOWLORIS
0,5.518842656,1.495965532,8.606794058,250,30,1,1,0.048,136.6778705,SLOWLORIS
1.673276022,5.129325592,3.311822437,2264.493167,250,32,3,0.352,0.056,338.3173253,SLOWLORIS
0.5086312847,4.67725118,2.772980619,8.929420138,250,19,1,1,0.08,21.72586207,SLOWLORIS
0.1618517233,4.282021298,2.346825527,16.4357999,250,23,1,1,0.072,48.32490705,SLOWLORIS
0.7410525285,4.354593898,2.587430334,13.84398196,250,17,3,0.816,0.08,0,SLOWLORIS
0.2977130658,4.621125876,2.276242779,15.9278911,250,18,1,1,0.08,78.59017917,SLOWLORIS
0,4.955877648,2.164296191,15.09661468,250,22,1,1,0.08,7.961591479,SLOWLORIS
0,4.520823584,1.500012787,7.636952755,250,22,1,1,0.072,25.85562049,SLOWLORIS
0,5.041209006,1.858933402,14.46168235,250,28,1,1,0.064,0,SLOWLORIS
0.1887292211,3.774652295,1.910985628,17.32043936,250,13,1,1,0.108,69.60609673,SLOWLORIS
0,4.460471761,2.58608349,5.133355331,250,15,1,1,0.092,90.95983018,SLOWLORIS
1.434053339,4.178979137,3.468025511,3763.868854,250,31,3,0.36,0.056,275.0976086,SLOWLORIS
0.1790986673,4.356918914,1.395227153,18.01576695,250,29,1,1,0.052,51.58101717,SLOWLORIS
0.136229648,3.988094217,2.219289373,5.439461425,250,26,1,1,0.06,25.91664739,SLOWLORIS
0.003029768572,3.55594364,2.023685854,9.08095559,250,14,1,1,0.124,58.95004975,SLOWLORIS
0.3786636589,3.440536224,2.33253591,13.14966244,250,13,1,1,0.096,71.20251047,SLOWLORIS
0,4.630898037,2.716823983,16.24842735,250,27,1,1,0.064,0,SLOWLORIS
0.2387347963,3.764800317,2.505093168,16.29772566,250,8,1,1,0.144,0,SLOWLORIS
0.8382355871,3.898071749,2.661788168,1761.237779,250,13,2,0.64,0.108,280.5180824,SLOWLORIS
0,4.118059146,1.70071794,6.086867469,250,16,1,1,0.112,0,SLOWLORIS
0,5.104229948,2.023009167,13.03291491,250,30,1,1,0.056,2.31413163,SLOWLORIS
1.908247214,4.504471847,3.229246039,2403.396685,250,33,3,0.36,0.044,290.7080077,SLOWLORIS
1.852207009,4.296733236,3.123986333,1479.514708,250,36,3,0.348,0.048,241.1323818,SLOWLORIS
0,2.952616188,2.32001678,11.64053301,250,7,1,1,0.208,1.65234099,SLOWLORIS
0,2.987069754,2.320119478,10.55319429,250,11,1,1,0.132,39.2946901,SLOWLORIS
0,3.563510932,2.227343503,12.59661188,250,21,1,1,0.064,7.676078352,SLOWLORIS
0,3.651490015,2.430720832,6.097773496,250,16,1,1,0.084,76.49514112,SLOWLORIS
0,4.98940608,1.939591048,18.56886358,250,29,1,1,0.064,33.48783641,SLOWLORIS
0,3.471355255,2.102002869,8.513172519,250,22,1,1,0.072,48.01581781,SLOWLORIS
1.948160314,4.333201271,2.941527281,2149.264234,250,27,3,0.38,0.068,309.5219258,SLOWLORIS
0,2.892096749,2.394992837,18.67013971,250,10,1,1,0.132,69.59109069,SLOWLORIS
0.260681041,4.016211562,2.276276364,6.750593858,250,17,1,1,0.092,0,SLOWLORIS
0,2.733853838,2.316207744,9.310577708,250,10,1,1,0.116,47.60368859,SLOWLORIS
1.337649312,4.451241699,3.299132662,1958.342792,250,28,3,0.38,0.064,208.2403582,SLOWLORIS
0,4.781847386,1.542011571,12.46340925,250,28,1,1,0.068,71.70261171,SLOWLORIS
0.3921802465,4.739255561,1.999368871,9.495041882,250,27,1,1,0.072,8.222593789,SLOWLORIS
0.909721302,3.80263581,1.522903246,15.61659772,250,16,1,1,0.088,104.4515861,SLOWLORIS
0.9990802466,3.176094295,1.277417606,19.29249219,250,14,3,0.82,0.1,26.1754682,SLOWLORIS
0.3148688462,4.686582308,1.650283476,16.15135059,250,24,1,1,0.068,66.65754461,SLOWLORIS
1.02814105,3.85802569,2.673199109,5.430570913,250,23,2,0.892,0.06,94.13112353,SLOWLORIS
0.1794976995,3.591960199,1.728856353,9.721738798,250,13,1,1,0.088,31.37141133,SLOWLORIS
1.340111194,5.047385192,3.285321636,603.954118,250,26,3,0.352,0.06,272.3241055,SLOWLORIS
0,3.199511675,1.834894355,13.0447085,250,10,1,1,0.128,0,SLOWLORIS
0,3.289536805,2.273076473,5.790100406,250,8,1,1,0.156,32.76000239,SLOWLORIS
0,4.465844506,2.255586801,12.29778934,250,15,1,1,0.104,0,SLOWLORIS
0,3.685572304,2.153411607,6.946610024,250,18,1,1,0.088,0,SLOWLORIS
1.244395672,3.225568115,2.176302566,13.84184881,250,21,3,0.788,0.072,0,SLOWLORIS
0.6838559255,5.346416459,1.848325437,19.08098872,250,28,3,0.816,0.052,83.83997039,SLOWLORIS
1.107949385,5.417943311,2.640821309,2112.35951,250,36,3,0.364,0.056,332.0670301,SLOWLORIS
0.4417550637,4.686243298,2.126634053,12.75960888,250,22,2,0.908,0.072,17.64999359,SLOWLORIS
1.854388927,5.497794364,3.236513836,719.4675252,250,40,3,0.388,0.04,345.1600846,SLOWLORIS
0.2569206575,4.609392361,2.222126562,14.47988909,250,25,1,1,0.076,0,SLOWLORIS
0.09570103225,4.529580694,1.734239234,11.22256494,250,18,1,1,0.08,0,SLOWLORIS
0,3.13680804,2.502359091,12.73302229,250,15,1,1,0.116,20.17912352,SLOWLORIS
0,5.794404749,1.932842024,15.76343478,250,27,1,1,0.06,1.86680417,SLOWLORIS
0.9227196979,4.525622592,3.127118702,15.17634715,250,24,2,0.884,0.08,30.21856921,SLOWLORIS
0,4.525344276,2.469278972,17.88802108,250,24,1,1,0.072,7.060319815,SLOWLORIS
0.8898462695,5.138630454,2.5708211,15.64995107,250,26,3,0.768,0.06,36.08347509,SLOWLORIS
0.34163184,4.124674236,2.836511339,10.48991146,250,18,1,1,0.092,7.603253917,SLOWLORIS
0.3249474024,3.535242329,2.303987203,16.54631994,250,9,1,1,0.148,85.68630535,SLOWLORIS
0.2312618625,3.403353799,2.21725497,14.72639809,250,13,1,1,0.096,56.49247122,SLOWLORIS
0.1256097652,4.653649468,1.575014761,5.501533538,250,28,1,1,0.056,0,SLOWLORIS
0.457476626,4.144399586,2.735365553,5.627831174,250,23,1,1,0.06,57.48189349,SLOWLORIS
0.7830384838,4.375659791,2.503390423,17.01733617,250,26,3,0.832,0.068,93.64830585,SLOWLORIS
0.9649535999,5.366210158,2.95829995,461.7628213,250,36,2,0.688,0.048,187.2256994,SLOWLORIS
0,4.182507925,2.706571409,13.29767706,250,22,1,1,0.072,33.48628329,SLOWLORIS
0.2806023928,4.394659114,2.444920644,5.821177711,250,18,1,1,0.1,0,SLOWLORIS
0,3.566390221,1.609524214,12.07338835,250,14,1,1,0.096,37.08811334,SLOWLORIS
1.079144202,4.62937046,2.938740608,3129.006139,250,34,2,0.648,0.056,297.5503327,SLOWLORIS
0.1113043349,4.717238671,1.825050041,6.159376537,250,29,1,1,0.056,44.75952193,SLOWLORIS
0,3.626396994,2.403939393,9.470569789,250,21,1,1,0.068,83.29426829,SLOWLORIS
0.8297048127,4.863805564,1.436457071,18.89282702,250,28,3,0.828,0.06,0,SLOWLORIS
0,3.916326928,1.691159568,10.61888283,250,19,1,1,0.088,47.39751551,SLOWLORIS
0.9900572757,4.218163628,1.993419581,17.51048524,250,19,3,0.8,0.072,38.19747014,SLOWLORIS
0.2760953845,3.17001314,1.288497676,5.847446153,250,16,1,1,0.092,7.138945073,SLOWLORIS
0.01097565026,3.208725092,2.499807509,5.726393507,250,10,1,1,0.128,2.818847374,SLOWLORIS
0.1953176602,3.569590354,1.982967233,14.73440112,250,11,1,1,0.108,42.14672993,SLOWLORIS
1.729156611,5.062733042,2.62133457,2830.847408,250,31,3,0.396,0.052,258.532507,SLOWLORIS
0.1207698918,4.529160919,2.141251633,10.11281397,250,19,1,1,0.08,58.79334633,SLOWLORIS
0,4.499026079,1.979546362,18.71242004,250,16,1,1,0.1,65.36570438,SLOWLORIS
0.3954093443,3.902548178,2.462440684,11.6219113,250,19,1,1,0.088,30.39865182,SLOWLORIS
0.612632637,4.134528149,1.609177304,18.88614966,250,18,2,0.912,0.096,0,SLOWLORIS
0,3.847863537,1.765907243,9.188651204,250,12,1,1,0.104,0,SLOWLORIS
0.9085264577,4.872233241,2.758382154,10.97547128,250,28,3,0.776,0.052,0,SLOWLORIS
0,3.78259076,1.807169849,7.366738959,250,15,1,1,0.104,0,SLOWLORIS
1.709149027,3.252198788,3.153654685,1686.872176,250,14,3,0.34,0.096,261.9870831,SLOWLORIS
0.003203533856,3.241063854,2.787277343,16.37404483,250,10,1,1,0.116,36.09631326,SLOWLORIS
0,3.76751324,2.41787841,14.80462641,250,9,1,1,0.14,0,SLOWLORIS
0,4.838815142,2.179130776,17.38678482,250,27,1,1,0.056,0,SLOWLORIS
0.5584074539,4.48397962,1.672564476,12.71086813,250,27,1,1,0.048,37.19711453,SLOWLORIS
0.6792883559,4.381500721,1.756712555,9.243067485,250,19,2,0.88,0.084,0,SLOWLORIS
0,4.609098809,2.302913198,10.4561317,250,28,1,1,0.056,49.50779793,SLOWLORIS
1.489448671,4.174477974,3.185708942,3698.186881,250,24,3,0.352,0.056,330.0065124,SLOWLORIS
1.015085554,3.230662732,1.76975773,5.36642182,250,7,3,0.812,0.156,0,SLOWLORIS
0.0239671025,2.870358338,2.11518955,19.80852981,250,16,1,1,0.088,16.35645389,SLOWLORIS
0.883454469,4.602835898,2.645468632,14.19822359,250,17,2,0.884,0.084,114.4259776,SLOWLORIS
0.2021947323,5.341259046,2.592036462,18.49788256,250,18,1,1,0.072,72.06466834,SLOWLORIS
0,4.690802821,2.11905522,16.60149927,250,21,1,1,0.068,0,SLOWLORIS
0.267397507,3.609412347,2.718054783,14.55842079,250,12,1,1,0.112,37.37006385,SLOWLORIS
0,3.852671647,2.683878156,16.27967907,250,18,1,1,0.08,0,SLOWLORIS
1.939240588,4.589517771,3.881395466,3605.467867,250,28,3,0.396,0.072,261.6969885,SLOWLORIS
2.08625756,5.217628385,3.0459673,1741.890495,250,40,3,0.4,0.056,325.1537863,SLOWLORIS
1.571934889,3.502343578,3.193057276,3481.543676,250,13,3,0.352,0.088,270.4348565,SLOWLORIS
0.5018433596,4.641870606,3.174857561,15.74971835,250,22,1,1,0.068,0,SLOWLORIS
0.4569622731,3.188196932,1.180147605,18.6774108,250,12,1,1,0.116,35.80428048,SLOWLORIS
0.9752052987,4.209468842,3.455950607,1812.788532,250,30,3,0.372,0.06,264.7636596,SLOWLORIS
0,3.946159528,2.003142005,7.198345649,250,20,1,1,0.072,107.1817229,SLOWLORIS
0.03453420916,4.502378775,1.999210411,16.9861465,250,26,2,0.86,0.064,0,SLOWLORIS
0,4.593687496,2.129038524,15.26764479,250,14,1,1,0.108,77.01054949,SLOWLORIS
0.5552692885,4.375455969,2.048878215,19.56987316,250,19,2,0.88,0.112,0,SLOWLORIS
0.5254699337,4.799945346,2.221440475,5.492130922,250,30,1,1,0.052,41.85252305,SLOWLORIS
0,4.714059699,2.199221794,5.839604127,250,26,1,1,0.052,0,SLOWLORIS
0.7953887464,2.750742805,2.301691087,12.44215496,250,7,2,0.88,0.184,2.816236778,SLOWLORIS
0.08178719902,4.507813805,2.042236,17.0107034,250,30,1,1,0.048,0,SLOWLORIS
1.644554814,4.59034909,3.583458522,3148.001101,250,22,3,0.34,0.084,316.7066967,SLOWLORIS
0.1887624521,4.954035576,1.897377261,6.264276171,250,28,1,1,0.052,47.80155391,SLOWLORIS
0.1385932602,5.568671172,1.48077696,14.69235871,250,21,1,1,0.088,55.6360959,SLOWLORIS
0,4.615368283,2.349876363,12.0155421,250,26,1,1,0.068,0,SLOWLORIS
0.8841208715,2.844908773,1.546405368,5.975024613,250,9,3,0.788,0.14,24.69883454,SLOWLORIS
0.4402861736,3.246207392,1.596570035,17.1622083,250,10,1,1,0.132,52.10683976,SLOWLORIS
0.5067938621,3.09968117,1.321977025,9.400645063,250,7,1,1,0.176,126.8883383,SLOWLORIS
1.069349513,3.899072406,2.053137538,18.06983565,250,25,3,0.804,0.056,91.44073738,SLOWLORIS
0.9122614484,4.349357624,2.710479216,15.78782595,250,30,3,0.804,0.044,8.641406097,SLOWLORIS
0,4.6229838,1.381174969,10.26395182,250,23,1,1,0.06,88.23275611,SLOWLORIS
0,5.315157543,2.523996972,15.7322577,250,28,1,1,0.076,32.16967662,SLOWLORIS
0.200183825,4.48868945,1.718832661,13.83779748,250,26,1,1,0.072,50.36327617,SLOWLORIS
1.054609143,4.696133049,2.32392528,19.87992889,250,22,3,0.804,0.076,87.62260647,SLOWLORIS
0.3538580875,3.914280912,2.75546121,13.17632899,250,21,2,0.908,0.08,30.51179618,SLOWLORIS
0,4.341520197,2.006069755,9.164196535,250,25,1,1,0.072,51.16408451,SLOWLORIS
0.6560761913,4.205145967,2.057524327,12.95562269,250,22,2,0.9,0.076,0,SLOWLORIS
0,4.982716223,2.091183321,19.24092732,250,18,1,1,0.08,13.26091717,SLOWLORIS
0.2645850555,6.397119689,2.428248067,18.69743916,250,29,1,1,0.068,44.16497692,SLOWLORIS
0,4.270923575,2.911376601,18.66277029,250,23,1,1,0.068,113.5983235,SLOWLORIS
0,4.622842571,2.164157253,6.798218749,250,18,1,1,0.084,56.50864676,SLOWLORIS
0.08404831704,4.702394355,2.196347943,8.21891677,250,16,1,1,0.092,52.94941152,SLOWLORIS
0.1417933265,3.777280634,1.802408439,8.473381685,250,12,1,1,0.112,0.05975430757,SLOWLORIS
0.2978341808,4.843844318,2.04558661,17.64173685,250,18,1,1,0.088,107.1794827,SLOWLORIS
0,4.1049112,2.691175185,9.243880569,250,19,1,1,0.084,0,SLOWLORIS
0.2431329109,4.367604096,1.581105168,11.93415937,250,17,1,1,0.072,27.14020013,SLOWLORIS
0.01911162835,3.921403656,2.063454497,13.05024919,250,21,1,1,0.068,59.11644391,SLOWLORIS
0.4546191377,2.688565209,2.201260216,14.07095273,250,8,1,1,0.152,0,SLOWLORIS
0.1187389166,5.763301387,1.458628038,11.03279192,250,28,1,1,0.056,5.464729671,SLOWLORIS
0,4.274847621,2.421566582,12.93163074,250,19,1,1,0.072,0,SLOWLORIS
0,4.184486272,2.598039244,11.34711317,250,28,1,1,0.068,30.11163171,SLOWLORIS
0.6056240158,3.891752163,1.625297267,10.30919418,250,23,2,0.88,0.06,43.70226608,SLOWLORIS
0,2.455151743,2.714941888,19.82978258,250,6,1,1,0.192,0,SLOWLORIS
0.0758374431,5.020825079,1.574686138,18.14837558,250,30,1,1,0.056,0,SLOWLORIS
0,4.514558879,2.068760681,14.58570152,250,27,1,1,0.084,94.04115137,SLOWLORIS
0.3477272058,5.415394035,2.19602989,9.286516994,250,27,1,1,0.056,22.01453069,SLOWLORIS
0.04547808654,4.387024383,2.857989053,10.02364738,250,22,2,0.844,0.072,93.37150164,SLOWLORIS
0.8508764364,3.920970296,2.912907873,17.77077407,250,8,3,0.792,0.164,29.92023332,SLOWLORIS
0,4.232498134,2.809763093,12.57857841,250,13,1,1,0.116,38.69964033,SLOWLORIS
0.09013934445,4.400786189,1.884038693,9.605448817,250,21,1,1,0.072,0,SLOWLORIS
0.6362502935,3.702441351,1.294727298,18.17492919,250,17,3,0.816,0.08,42.72574817,SLOWLORIS
2.467670083,5.019319597,2.922948287,2225.985068,250,32,3,0.344,0.052,328.1695293,SLOWLORIS
1.096108642,2.526359732,2.092843008,11.40629119,250,6,3,0.788,0.184,20.28736406,SLOWLORIS
0,2.900986643,1.926881211,12.02501953,250,10,1,1,0.124,0,SLOWLORIS
0,4.270398036,2.516910069,13.932615,250,16,1,1,0.088,8.066084805,SLOWLORIS
0.5313572857,3.826024027,2.472752165,11.88688523,250,11,1,1,0.116,75.07306836,SLOWLORIS
0.0285108356,3.63243384,2.435821701,11.23193032,250,15,1,1,0.092,82.34792401,SLOWLORIS
0.07037632097,4.663554711,1.355811838,12.03019456,250,18,1,1,0.1,49.49132717,SLOWLORIS
0,2.849093897,1.686051641,14.21960701,250,8,1,1,0.148,0,SLOWLORIS
0.2755469493,4.772157336,2.454122805,7.162357209,250,23,1,1,0.072,0,SLOWLORIS
0.1455261716,4.350823358,2.649451758,11.58095818,250,26,1,1,0.076,44.32696455,SLOWLORIS
0.4300950508,2.307729041,2.084066887,5.606097732,250,9,1,1,0.18,0,SLOWLORIS
0.05704782458,3.491581666,2.546544315,16.3636803,250,13,1,1,0.1,0,SLOWLORIS
1.542521933,3.794019176,3.130486981,3747.787229,250,22,3,0.352,0.076,238.3600604,SLOWLORIS
0,3.234835736,1.81151119,5.644884776,250,15,1,1,0.088,0,SLOWLORIS
0.637301134,3.979658718,2.193962994,17.61285445,250,19,2,0.912,0.088,0,SLOWLORIS
0,4.44714405,1.727147295,6.329667119,250,18,1,1,0.084,0,SLOWLORIS
0.3563526364,3.15754176,2.311521912,5.203919175,250,9,1,1,0.136,18.50125309,SLOWLORIS
1.219445659,4.115566639,3.306999144,2588.209031,250,25,3,0.376,0.068,235.2948685,SLOWLORIS
0.1639544917,5.561844717,1.954325732,18.64402965,250,21,1,1,0.076,0,SLOWLORIS
0.04376487843,3.163154708,2.26381421,5.175254358,250,7,1,1,0.18,0.168658474,SLOWLORIS
1.200868005,4.143362139,1.772467501,16.97923428,250,17,3,0.744,0.096,45.24306221,SLOWLORIS
0.1195805041,3.62560618,2.291406045,8.453437151,250,19,1,1,0.072,0,SLOWLORIS
0,5.157845529,2.181069434,10.03501058,250,24,1,1,0.056,0,SLOWLORIS
0,4.188006773,1.940148585,7.05642396,250,26,1,1,0.068,12.00788375,SLOWLORIS
0.2290408937,4.797150305,2.61992294,17.96138057,250,29,1,1,0.056,52.12678271,SLOWLORIS
0,4.944587989,2.636761837,19.51288148,250,29,1,1,0.048,93.80970604,SLOWLORIS
1.428664069,5.013691629,3.127683478,1074.843522,250,35,3,0.38,0.06,296.1651852,SLOWLORIS
0.01989059933,4.391512647,2.788848317,15.86341922,250,26,1,1,0.06,29.90797464,SLOWLORIS
0,4.689625916,2.484953728,15.70656202,250,26,1,1,0.068,13.27011912,SLOWLORIS
0.3163482728,3.987181199,1.338483402,17.36898481,250,16,1,1,0.092,68.4413012,SLOWLORIS
0,3.918703736,2.610192834,14.30470788,250,29,1,1,0.06,119.6285473,SLOWLORIS
0.3289707402,3.831245568,1.780271627,13.34576642,250,15,2,0.884,0.088,10.91445413,SLOWLORIS
0.3408018393,2.963089251,1.942494801,10.7979517,250,18,1,1,0.084,3.555397924,SLOWLORIS
0.8584884547,3.403277543,1.470405247,11.58245663,250,12,3,0.784,0.116,17.65710102,SLOWLORIS
1.308016523,4.88256151,3.605834674,2542.046463,250,25,3,0.34,0.064,175.4851776,SLOWLORIS
0.05120166526,4.759675066,1.810568486,11.75030727,250,26,1,1,0.072,12.64557748,SLOWLORIS
0,5.338963396,1.854438735,14.35865151,250,24,1,1,0.072,0,SLOWLORIS
0,4.344585671,1.701988932,17.43312662,250,23,1,1,0.068,13.20563173,SLOWLORIS
0,6.016439762,2.183356361,149328.5811,250,63,1,1,0.032,451.0890921,NTP_AMP
0.07658986995,3.506681136,0.3001474776,8896.094472,250,12,2,0.896,0.132,77.57168532,NTP_AMP
0.1296879456,5.329757189,0.7862531667,121946.2465,250,36,1,1,0.048,10.08071369,NTP_AMP
0,6.542875485,2.565108303,121328.9923,250,78,1,1,0.032,409.24625,NTP_AMP
0.7352914032,5.690569916,0.739998927,60316.3571,250,42,1,1,0.036,54.97770542,NTP_AMP
0.3009102186,6.16511734,2.362408451,75013.61245,250,91,1,1,0.028,392.2533591,NTP_AMP
0,4.390215346,2.290975182,172096.4173,250,22,1,1,0.084,423.3560207,NTP_AMP
0,6.33734897,2.808005764,6402.841578,250,51,1,1,0.036,461.3675908,NTP_AMP
0,5.039072655,0.9834135099,120287.973,250,35,1,1,0.048,474.0369767,NTP_AMP
0,6.672434134,2.23459661,84503.86434,250,78,1,1,0.028,383.5719265,NTP_AMP
0,6.035625967,2.338569558,239904.5659,250,94,1,1,0.032,388.3092364,NTP_AMP
0.07522994405,6.247859223,2.34297586,139437.3361,250,60,1,1,0.044,492.5816244,NTP_AMP
0,6.532422528,2.052301016,286247.6815,250,83,1,1,0.028,389.8116279,NTP_AMP
0.4338125118,5.822354436,2.566665939,228120.2737,250,77,2,0.884,0.036,396.3446155,NTP_AMP
0.003919046715,6.185554983,2.412631327,7599.74065,250,68,1,1,0.036,420.2651781,NTP_AMP
0,3.572260033,0.4922559755,232660.197,250,10,1,1,0.148,186.4795222,NTP_AMP
0.08163708411,5.551590265,0.8151757445,323029.6916,250,32,1,1,0.048,9.471279169,NTP_AMP
0,5.309893585,2.223386467,45765.05133,250,41,1,1,0.044,418.1888088,NTP_AMP
0.08530421117,5.144839532,0.8176352963,90465.27938,250,48,1,1,0.04,482.5338056,NTP_AMP
0.2543914157,5.421303425,1.263166667,56843.86152,250,64,3,0.8,0.04,130.4138855,NTP_AMP
0,6.357340498,2.281666593,161849.4242,250,92,1,1,0.024,369.8522068,NTP_AMP
0.2431338946,2.531286817,0.4979814865,5830.267053,250,8,1,1,0.148,304.8160944,NTP_AMP
0.9163453359,7.025504225,2.520061478,277209.9725,250,92,3,0.8,0.028,429.7852763,NTP_AMP
0.5517866247,4.709120233,2.882309072,106005.553,250,41,1,1,0.044,516.4957383,NTP_AMP
0,4.880806972,1.835205887,67911.04424,250,40,1,1,0.056,457.8582688,NTP_AMP
0.2217833015,5.597167354,2.595373923,202962.9827,250,46,1,1,0.048,429.8430016,NTP_AMP
0,6.439649479,1.960475903,132753.8474,250,74,1,1,0.048,445.200665,NTP_AMP
0,6.490471862,2.617287637,17623.8739,250,83,1,1,0.032,419.1641485,NTP_AMP
0.3503351914,6.112127097,2.187442147,344646.7764,250,102,1,1,0.032,361.1541214,NTP_AMP
0,6.427443482,0.8727808402,166609.2975,250,76,1,1,0.036,67.23459075,NTP_AMP
0.6686947407,5.51474042,2.2647541,339589.1236,250,48,3,0.828,0.036,426.2163732,NTP_AMP
1.112636803,5.09616974,2.088742698,6921.293861,250,27,3,0.808,0.056,497.0508008,NTP_AMP
0,6.503996969,1.537298275,159052.3299,250,80,1,1,0.028,0,NTP_AMP
0.6263218949,3.723947537,2.168668046,294601.2066,250,21,3,0.784,0.072,427.3418311,NTP_AMP
0,6.144016952,1.747049609,11264.60611,250,81,1,1,0.024,355.86963,NTP_AMP
0.8538407871,5.520294838,2.627704459,286883.3249,250,66,2,0.896,0.032,363.2068405,NTP_AMP
0,6.946476565,0.8958687803,14669.61432,250,64,1,1,0.032,412.9250306,NTP_AMP
0.1721908452,6.95666039,2.02932692,244926.2832,250,95,1,1,0.028,411.2334157,NTP_AMP
0.2735734954,6.339608815,0.8550306734,76154.33174,250,70,1,1,0.032,60.20075668,NTP_AMP
0.8413231417,5.812985885,2.239634332,261458.8227,250,79,3,0.816,0.036,426.8033593,NTP_AMP
0,5.553402341,2.042167378,321658.8371,250,55,1,1,0.04,477.7609864,NTP_AMP
0.7168883015,5.959626589,2.080145862,191854.9574,250,57,2,0.884,0.032,403.38813,NTP_AMP
0.3308469419,6.230128305,2.752350709,158252.885,250,92,1,1,0.028,408.7579075,NTP_AMP
0,6.783853356,2.508286835,294005.6493,250,102,1,1,0.028,389.8381018,NTP_AMP
0.3188604563,5.433779047,2.952844675,80153.24319,250,31,1,1,0.064,402.2272519,NTP_AMP
0,6.029976772,2.238822458,108475.9771,250,56,1,1,0.048,402.6407592,NTP_AMP
0.0008272767873,6.890053897,2.321658157,9126.706173,250,109,1,1,0.024,376.6172897,NTP_AMP
1.073493739,6.488281988,2.485619372,208677.2798,250,80,3,0.816,0.04,511.5708486,NTP_AMP
0.5197774723,6.429218326,2.226167292,211125.8184,250,74,2,0.908,0.028,409.6678846,NTP_AMP
0.1640209825,6.004849821,2.201341138,208131.7439,250,51,1,1,0.04,457.4525141,NTP_AMP
0,5.256423966,2.07649329,160781.2681,250,40,1,1,0.048,471.3288306,NTP_AMP
0.5678496594,4.500563422,2.174937821,3318.269861,250,29,1,1,0.056,433.5624789,NTP_AMP
0.3941631947,6.105479612,2.20749354,3152.345933,250,54,1,1,0.04,490.065241,NTP_AMP
0.06245996183,5.932325078,1.974957018,19887.89158,250,90,1,1,0.028,467.929204,NTP_AMP
0.305123882,6.58321883,1.052447505,284916.9926,250,70,1,1,0.032,455.1322946,NTP_AMP
1.464615475,5.011049727,2.11540501,304901.0009,250,55,3,0.764,0.04,413.3859637,NTP_AMP
0.3615481763,5.931033971,2.805476818,244212.6162,250,82,1,1,0.036,438.0586361,NTP_AMP
0.6856565811,6.70768914,2.563727712,344687.9004,250,83,1,1,0.036,314.0554837,NTP_AMP
0,6.754216587,1.882893339,230276.8042,250,100,2,0.9,0.024,392.6564359,NTP_AMP
0,5.936224062,2.193845906,274150.7789,250,81,1,1,0.028,435.2456126,NTP_AMP
0.2507557297,5.977949657,2.397552066,244528.647,250,63,1,1,0.036,414.3533897,NTP_AMP
0.1822186304,3.92510915,2.901951986,361124.8504,250,24,1,1,0.068,435.8253908,NTP_AMP
0.1037243173,6.363302907,2.202066213,268078.4516,250,93,1,1,0.028,441.0916627,NTP_AMP
0,2.747547111,0.9269020542,12674.54219,250,8,1,1,0.14,201.8210415,NTP_AMP
0,4.927782767,0.8805671539,188751.6236,250,27,1,1,0.072,88.60162335,NTP_AMP
0.7340772495,5.516101887,2.294960808,353909.8422,250,44,2,0.884,0.044,364.7892682,NTP_AMP
0,6.18341747,2.421072694,305324.2925,250,88,1,1,0.032,435.7087496,NTP_AMP
0.1816880548,6.386012373,2.503032193,331658.1275,250,122,1,1,0.024,460.9574798,NTP_AMP
0,4.403252348,2.355296731,144494.8054,250,15,1,1,0.088,414.6047394,NTP_AMP
0.1527249068,6.087529394,1.112079847,234762.4929,250,84,1,1,0.032,12.21164603,NTP_AMP
0,5.159759826,1.256176769,339616.5664,250,34,1,1,0.052,0,NTP_AMP
0.1220458573,6.791959066,0.5867601038,98140.09635,250,89,2,0.9,0.028,495.5985318,NTP_AMP
0.2262343098,3.721862716,2.337791067,356940.0747,250,15,1,1,0.096,425.8094518,NTP_AMP
0,6.588394799,2.092505982,210000.1541,250,78,1,1,0.04,446.0852747,NTP_AMP
0.001237272096,6.281477048,2.061531455,252640.4629,250,47,1,1,0.04,379.2393633,NTP_AMP
0,6.187446242,2.459406354,109922.6246,250,66,1,1,0.04,372.9670231,NTP_AMP
0,5.204465414,2.212281825,241079.9005,250,41,1,1,0.048,434.1902651,NTP_AMP
0.7961471271,6.577424161,0.8871522932,320662.9681,250,70,1,1,0.032,467.6039805,NTP_AMP
0.4456826234,6.340935098,1.159065443,357639.1063,250,92,1,1,0.024,104.3246354,NTP_AMP
0.2988900051,4.811135904,1.876214805,173490.4291,250,39,1,1,0.056,455.8714361,NTP_AMP
0.2222676235,6.354356085,2.433005353,316794.3481,250,69,1,1,0.032,508.9468937,NTP_AMP
0.07113256702,6.751043949,0.7684518399,173669.7989,250,86,1,1,0.036,84.96333042,NTP_AMP
0.007861521563,4.054558479,2.174254422,16261.19791,250,18,1,1,0.096,441.9613393,NTP_AMP
0,5.851010498,1.955222876,2791.480961,250,52,1,1,0.036,441.2956118,NTP_AMP
0,6.118019457,2.343654441,162885.7536,250,91,1,1,0.028,435.0312814,NTP_AMP
0.2247651581,7.000975616,3.200153868,59172.52196,250,77,1,1,0.028,437.5855419,NTP_AMP
0,4.873516839,2.367412264,97177.63652,250,55,1,1,0.044,511.7590566,NTP_AMP
0,5.627515948,0.861747588,8601.639802,250,75,1,1,0.032,343.8579791,NTP_AMP
0.2853806044,4.57419435,1.706124195,323970.0431,250,34,1,1,0.048,438.4077285,NTP_AMP
0,6.534499384,1.024872183,322451.4955,250,85,1,1,0.028,11.44452513,NTP_AMP
1.112892169,6.017240499,1.110022353,60254.62973,250,74,3,0.772,0.048,366.3673634,NTP_AMP
0.0885264032,5.419178826,1.114269412,280527.6955,250,80,1,1,0.032,76.69005583,NTP_AMP
0.007263781349,1.229574754,0.1739181518,49558.42631,250,3,1,1,0.352,143.9302044,NTP_AMP
0.7193177704,4.831746694,2.683839854,91440.70534,250,49,1,1,0.044,380.9339844,NTP_AMP
0,4.591329616,0.7315294732,327174.6515,250,29,1,1,0.06,421.9634984,NTP_AMP
0,6.400384765,1.149455141,20949.95369,250,85,1,1,0.028,0,NTP_AMP
0,6.571013667,1.002853402,95782.99451,250,85,1,1,0.028,388.7971772,NTP_AMP
1.126378126,4.631457133,2.734509345,109036.879,250,23,3,0.808,0.064,411.4456095,NTP_AMP
1.010697726,4.505175967,2.124770298,280334.4366,250,28,3,0.768,0.064,361.3765519,NTP_AMP
0.1988674029,6.875549258,2.270925068,338858.8399,250,82,1,1,0.028,420.6872511,NTP_AMP
0.01687101405,4.161936582,2.54807241,190840.8034,250,21,1,1,0.068,445.8873794,NTP_AMP
0,4.213467005,1.127649131,50678.20589,250,21,1,1,0.072,549.4832638,NTP_AMP
0.6099638517,3.49832704,2.831706323,42867.52664,250,14,1,1,0.096,488.5689721,NTP_AMP
0,6.195668028,2.309945118,59801.38368,250,65,1,1,0.04,518.8354112,NTP_AMP
1.051648092,1.095310338,0.2380373544,39629.71094,250,4,3,0.824,0.256,139.0007095,NTP_AMP
0.2951870011,6.190840447,2.660940085,222449.1747,250,98,1,1,0.032,445.3291899,NTP_AMP
0.5665557548,5.612224077,0.9551304672,193823.1792,250,68,2,0.864,0.028,68.79479173,NTP_AMP
1.622015106,5.874311085,2.328393262,88238.72044,250,79,3,0.788,0.028,430.0016369,NTP_AMP
0.1088520958,3.347398276,0.3407297196,200894.3022,250,11,1,1,0.112,167.470104,NTP_AMP
0.05031871543,1.504933315,0.4762474865,353791.0714,250,3,1,1,0.36,96.21394045,NTP_AMP
0.4007233167,4.444924052,2.636307837,14064.27702,250,25,1,1,0.064,445.6219033,NTP_AMP
0.4050361786,4.365934659,2.638201653,14367.0052,250,37,2,0.888,0.048,439.1426275,NTP_AMP
0.07360198695,6.88751437,1.975211104,146050.4575,250,94,1,1,0.024,319.6782308,NTP_AMP
0.2074215501,6.344509364,2.155748319,299299.1131,250,78,1,1,0.032,403.9477804,NTP_AMP
0.1989159802,4.484739769,2.259048604,2703.764273,250,24,2,0.844,0.072,510.8555439,NTP_AMP
0.4106501804,6.14828775,2.838127598,3756.685099,250,123,1,1,0.02,468.4289603,NTP_AMP
0.296665388,4.799473506,2.177053886,110374.0654,250,48,1,1,0.044,504.8524448,NTP_AMP
0.01501140519,6.50862668,0.7740724578,178350.4353,250,65,1,1,0.032,99.50665534,NTP_AMP
0,5.95752423,2.828519095,121572.3833,250,61,1,1,0.032,361.388774,NTP_AMP
0.2037397762,5.264593606,2.090370807,329056.0142,250,61,1,1,0.032,371.3635876,NTP_AMP
0.1664174375,4.267787177,1.922188293,362351.4481,250,26,1,1,0.052,374.5805652,NTP_AMP
0.350024401,5.82997575,2.366050789,346867.4782,250,72,2,0.912,0.028,412.9939339,NTP_AMP
0.5364749224,2.342405022,0.7338557511,11078.51065,250,7,2,0.876,0.188,288.8407369,NTP_AMP
0.01108496329,7.177696633,1.288031376,341166.0583,250,76,1,1,0.028,540.634537,NTP_AMP
0,6.374804084,1.959106338,312801.1866,250,72,1,1,0.032,509.3903848,NTP_AMP
0.2502950415,5.386025352,1.915836285,210957.5579,250,30,2,0.904,0.056,374.4853896,NTP_AMP
0.9795312851,4.8036571,2.599044005,168103.1761,250,46,3,0.788,0.04,412.5716284,NTP_AMP
0,5.65286456,2.474576233,175774.4794,250,75,1,1,0.032,303.284047,NTP_AMP
0.54919913,3.714202504,1.824575829,241801.017,250,19,1,1,0.076,366.2927275,NTP_AMP
0,5.401994385,2.615338502,325259.2524,250,41,1,1,0.044,400.3656105,NTP_AMP
0,6.622554286,2.574924337,97834.77107,250,86,1,1,0.032,322.1777533,NTP_AMP
0,5.057077676,3.020294029,244381.0982,250,44,1,1,0.044,376.7365179,NTP_AMP
0.2578665505,3.513607977,1.733135683,37007.72284,250,15,1,1,0.092,384.8408802,NTP_AMP
0.386318209,4.165834837,2.204031542,19613.85698,250,14,1,1,0.124,457.3804595,NTP_AMP
0,4.64280947,0.8708115936,346326.2568,250,18,2,0.896,0.084,71.17081194,NTP_AMP
0.1345963668,5.808609029,0.4250206825,93724.32257,250,48,1,1,0.052,490.1982058,NTP_AMP
0,4.337628946,2.335883089,349053.2832,250,24,1,1,0.068,408.9752679,NTP_AMP
0,6.213524614,2.886423497,131492.9756,250,71,1,1,0.032,363.6965235,NTP_AMP
0.2571392671,5.906723686,2.669936404,263682.706,250,90,1,1,0.028,442.5272535,NTP_AMP
1.718572775,5.932009195,0.9724791164,37298.23365,250,83,3,0.78,0.036,334.1144955,NTP_AMP
0,6.615468871,2.867586256,48085.07168,250,90,1,1,0.036,471.1559287,NTP_AMP
0.05914653124,5.45628916,2.734403464,201190.2635,250,61,1,1,0.04,417.2130108,NTP_AMP
0,5.844244087,2.431388809,297581.5945,250,71,1,1,0.032,431.0288625,NTP_AMP
0.4829358162,7.355520326,2.883480382,86163.91639,250,111,1,1,0.028,398.3039144,NTP_AMP
0.7490781237,6.36830765,2.059635462,45701.3372,250,83,2,0.904,0.032,491.5368603,NTP_AMP
0,5.658403172,2.189173846,2456.620979,250,53,1,1,0.036,457.6707977,NTP_AMP
0.060808573,5.518267527,1.016996414,5530.381641,250,59,1,1,0.036,0,NTP_AMP
0.2026078812,3.522642503,0.325939523,45603.41437,250,9,1,1,0.14,204.0995981,NTP_AMP
0.2223941014,5.008753804,1.07840613,75606.25467,250,43,1,1,0.04,281.432029,NTP_AMP
0,3.69581073,2.339782451,10068.39382,250,16,1,1,0.088,488.9165524,NTP_AMP
0,4.596074287,2.328853837,5987.905287,250,18,1,1,0.1,294.2042565,NTP_AMP
0,6.213673378,2.447709582,121559.5701,250,66,1,1,0.032,409.6739272,NTP_AMP
0.01698413484,4.732416393,0.7742787462,345323.7028,250,38,1,1,0.044,409.4113547,NTP_AMP
0.2252746154,6.972784664,2.38876784,5138.144642,250,100,1,1,0.024,412.0704687,NTP_AMP
0.1537805248,4.012571051,1.766940781,116656.7408,250,26,1,1,0.064,390.9437557,NTP_AMP
0.4581258538,6.330365019,2.484057372,328362.7987,250,56,1,1,0.032,481.0086727,NTP_AMP
1.183303035,5.989748283,2.465346676,335268.9014,250,83,3,0.82,0.032,477.0371543,NTP_AMP
0.02046119319,5.834507124,2.297532875,5750.725194,250,65,1,1,0.032,393.114264,NTP_AMP
0.4276088708,4.381633362,2.07929644,119498.1623,250,24,1,1,0.068,441.1406626,NTP_AMP
0,5.06452483,1.918013266,305604.2071,250,37,1,1,0.048,477.514756,NTP_AMP
0.2180223568,6.018421014,1.714635742,159193.5846,250,77,1,1,0.028,458.7403543,NTP_AMP
0,0.9506310591,0.6423918246,335962.1342,250,3,1,1,0.372,226.0244388,NTP_AMP
0.09776144329,6.043286772,2.305619542,307362.8596,250,85,1,1,0.028,435.8717974,NTP_AMP
0.06373108972,4.480407202,2.163903328,277276.2045,250,55,1,1,0.044,358.3326662,NTP_AMP
0.03999011477,3.705733618,2.385177743,2327.65641,250,15,1,1,0.092,364.9574811,NTP_AMP
0.969809422,6.437386315,0.4763157748,100056.2494,250,84,2,0.892,0.024,40.26341688,NTP_AMP
0,5.684155162,2.606563274,47473.00482,250,71,1,1,0.036,457.2898259,NTP_AMP
0.3381568757,6.668594538,2.27143234,25094.85356,250,98,2,0.872,0.024,521.2136005,NTP_AMP
0,6.830548707,2.126893504,8463.083757,250,125,1,1,0.02,431.8954928,NTP_AMP
0,5.73645657,2.309285918,12882.92538,250,50,1,1,0.036,348.5882186,NTP_AMP
0.04317086572,6.666220662,2.194203152,12554.74963,250,99,1,1,0.024,349.2029256,NTP_AMP
0.9701163648,4.917283122,0.7638993446,13912.19239,250,71,3,0.816,0.036,464.1458711,NTP_AMP
0,5.993980488,2.622194065,83524.07953,250,59,1,1,0.044,363.825044,NTP_AMP
0.08412911645,4.183627726,0.7715871902,166718.9426,250,13,1,1,0.104,88.62774389,NTP_AMP
0.06744188643,5.726273372,2.602997703,47093.34129,250,47,1,1,0.044,434.9694047,NTP_AMP
1.159206618,6.710020972,2.687768537,1330.934941,250,89,3,0.784,0.028,497.4866741,NTP_AMP
0,6.235794909,1.7104366,209797.5969,250,80,1,1,0.044,446.7735733,NTP_AMP
0.01157300069,6.047905623,2.339260958,5590.752932,250,67,1,1,0.032,401.5084317,NTP_AMP
0,4.765833728,2.117142372,25487.94292,250,33,1,1,0.068,458.2426569,NTP_AMP
0,6.507663935,1.83808904,139073.319,250,97,1,1,0.024,467.3573208,NTP_AMP
0.2370667218,5.256983584,0.5312935673,16422.71717,250,76,1,1,0.04,0,NTP_AMP
0.4067147179,6.500474277,2.011195983,10410.09329,250,94,2,0.912,0.028,495.4203212,NTP_AMP
0,3.980065646,0.8824395649,18725.69535,250,16,1,1,0.104,0,NTP_AMP
0.3009126847,5.61481509,2.508213538,203700.8759,250,86,1,1,0.024,358.3677985,NTP_AMP
1.618399917,6.330929803,0.6965967259,198293.1759,250,83,3,0.828,0.028,589.7661418,NTP_AMP
0.3734151324,5.533332026,2.029094518,265443.2786,250,58,1,1,0.032,477.7942031,NTP_AMP
0.2137800299,6.381060801,2.28348298,63626.52634,250,90,1,1,0.024,412.9425092,NTP_AMP
0.3241159073,6.7202329,2.420341875,58117.24195,250,84,1,1,0.036,367.2239994,NTP_AMP
0,6.185702467,2.56746784,132696.8332,250,75,1,1,0.036,469.8324146,NTP_AMP
0.02176141754,6.753908921,2.322325541,99563.31179,250,98,1,1,0.024,497.5530202,NTP_AMP
0.06094275458,6.819610483,2.614396078,166283.656,250,93,1,1,0.024,332.8602428,NTP_AMP
0.3795400329,5.512879131,2.333078494,244709.143,250,53,1,1,0.036,329.6695222,NTP_AMP
0,5.087316982,2.098094132,105936.2659,250,28,1,1,0.06,382.0693517,NTP_AMP
0.2750173402,6.698739238,0.8766203807,92372.92332,250,74,1,1,0.032,66.36652974,NTP_AMP
0.652952727,6.374370148,1.905633064,17296.77402,250,88,1,1,0.032,362.9682538,NTP_AMP
0,6.636222882,2.467108007,251960.7051,250,70,1,1,0.028,521.6984637,NTP_AMP
0.03856541129,6.469791276,1.945416303,38657.22988,250,90,1,1,0.028,347.5418675,NTP_AMP
0.6557844867,6.480674241,1.839970385,204860.5462,250,100,2,0.864,0.032,448.299424,NTP_AMP
0.5218829953,4.134172171,1.782589523,136378.7562,250,21,2,0.88,0.072,481.931629,NTP_AMP
0.7520734363,6.774625928,2.074795759,14320.85421,250,97,2,0.9,0.024,468.4240367,NTP_AMP
